Tanque,Lote,Inicio (hs),Fin (hs)
TK-100,LAV-CLA-01_B100,0.0,5.0
TK-100,LAV-CLA-01_B101,5.0,10.0
TK-100,LAV-CLA-01_B102,10.0,15.0
TK-100,LAV-CLA-01_B103,15.0,20.0
TK-100,LAV-CLA-01_B104,20.0,25.0
TK-100,LAV-CLA-01_B105,25.0,30.0
TK-100,LAV-CLA-01_B106,30.0,35.0
TK-100,LAV-CLA-01_B107,35.0,40.0
TK-100,LAV-CLA-01_B108,40.0,45.0
TK-100,LAV-CLA-01_B109,45.0,50.0
TK-100,LAV-CLA-01_B110,50.0,55.0
TK-100,LAV-CLA-01_B111,55.0,60.0
TK-100,LAV-CLA-01_B112,60.0,65.0
TK-100,LAV-CLA-01_B113,65.0,70.0
TK-100,LAV-CLA-01_B114,70.0,75.0
TK-100,LAV-CLA-01_B115,75.0,80.0
TK-100,LAV-CLA-01_B116,80.0,85.0
TK-100,LAV-CLA-01_B117,85.0,90.0
TK-100,LAV-CLA-01_B118,90.0,95.0
TK-100,LAV-CLA-01_B119,95.0,100.0
TK-100,LAV-CLA-01_B120,100.0,105.0
TK-100,LAV-CLA-01_B121,105.0,110.0
TK-100,LAV-CLA-01_B122,110.0,115.0
TK-100,LAV-CLA-01_B123,115.0,120.0
TK-100,LAV-CLA-01_B124,120.0,125.0
TK-100,LAV-CLA-01_B125,125.0,130.0
TK-100,LAV-CLA-01_B126,130.0,135.0
TK-100,LAV-CLA-01_B127,135.0,140.0
TK-100,LAV-CLA-01_B128,140.0,145.0
TK-100,LAV-CLA-01_B129,145.0,150.0
TK-100,LAV-CLA-01_B130,150.0,155.0
TK-100,LAV-CLA-01_B131,155.0,160.0
TK-100,LAV-CLA-01_B132,160.0,165.0
TK-100,LAV-CLA-01_B133,165.0,170.0
TK-100,LAV-CLA-01_B134,170.0,175.0
TK-100,LAV-CLA-01_B135,175.0,180.0
TK-100,LAV-CLA-01_B136,180.0,185.0
TK-100,LAV-CLA-01_B137,185.0,190.0
TK-100,LAV-CLA-01_B138,190.0,195.0
TK-100,LAV-CLA-01_B139,195.0,200.0
TK-100,LAV-CLA-01_B140,200.0,205.0
TK-100,LAV-CLA-01_B141,205.0,210.0
TK-100,LAV-CLA-01_B142,210.0,215.0
TK-100,LAV-CLA-01_B143,215.0,220.0
TK-100,LAV-CLA-01_B144,220.0,225.0
TK-100,LAV-CLA-01_B145,225.0,230.0
TK-100,LAV-CLA-01_B146,230.0,235.0
TK-100,LAV-CLA-01_B147,235.0,240.0
TK-100,LAV-CLA-01_B148,240.0,245.0
TK-100,LAV-CLA-01_B149,245.0,250.0
TK-100,LAV-CLA-01_B150,250.0,255.0
TK-100,LAV-CLA-01_B151,255.0,260.0
TK-100,LAV-CLA-01_B152,260.0,265.0
TK-100,LAV-CLA-01_B153,265.0,270.0
TK-100,LAV-CLA-01_B154,270.0,275.0
TK-100,LAV-CLA-01_B155,275.0,280.0
TK-100,LAV-CLA-01_B156,280.0,285.0
TK-100,LAV-CLA-01_B157,285.0,290.0
TK-100,LAV-CLA-01_B158,290.0,295.0
TK-100,LAV-CLA-01_B159,295.0,300.0
TK-100,LAV-CLA-01_B160,300.0,305.0
TK-100,LAV-CLA-01_B161,305.0,310.0
TK-100,LAV-CLA-01_B162,310.0,315.0
TK-100,LAV-CLA-01_B163,315.0,320.0
TK-100,LAV-CLA-01_B164,320.0,325.0
TK-100,LAV-CLA-01_B165,325.0,330.0
TK-100,LAV-CLA-01_B166,330.0,335.0
TK-100,LAV-CLA-01_B167,335.0,340.0
TK-100,LAV-CLA-01_B168,340.0,345.0
TK-100,LAV-CLA-01_B169,345.0,350.0
TK-100,LAV-CLA-01_B170,350.0,355.0
TK-100,LAV-CLA-01_B171,355.0,360.0
TK-100,LAV-CLA-01_B172,360.0,365.0
TK-100,LAV-CLA-01_B173,365.0,370.0
TK-100,LAV-CLA-01_B174,370.0,375.0
TK-100,LAV-CLA-01_B175,375.0,380.0
TK-100,LAV-CLA-01_B176,380.0,385.0
TK-100,LAV-CLA-01_B177,385.0,390.0
TK-100,LAV-CLA-01_B178,390.0,395.0
TK-100,LAV-CLA-01_B179,395.0,400.0
TK-100,LAV-CLA-01_B180,400.0,405.0
TK-100,LAV-CLA-01_B181,405.0,410.0
TK-100,LAV-CLA-01_B182,410.0,415.0
TK-100,LAV-CLA-01_B183,415.0,420.0
TK-100,LAV-CLA-01_B184,420.0,425.0
TK-100,LAV-CLA-01_B185,425.0,430.0
TK-100,LAV-CLA-01_B186,430.0,435.0
TK-100,LAV-CLA-01_B187,435.0,440.0
TK-100,LAV-CLA-01_B188,440.0,445.0
TK-100,LAV-CLA-01_B189,445.0,450.0
TK-100,LAV-CLA-01_B190,450.0,455.0
TK-100,LAV-CLA-01_B191,455.0,460.0
TK-100,LAV-CLA-01_B192,460.0,465.0
TK-100,LAV-CLA-01_B193,465.0,470.0
TK-100,LAV-CLA-01_B194,470.0,475.0
TK-100,LAV-CLA-01_B195,475.0,480.0
TK-100,LAV-CLA-01_B196,480.0,485.0
TK-100,LAV-CLA-01_B197,485.0,490.0
TK-100,LAV-CLA-01_B10,490.0,495.0
TK-100,LAV-CLA-01_B11,495.0,500.0
TK-100,LAV-CLA-01_B12,500.0,505.0
TK-100,LAV-CLA-01_B13,505.0,510.0
TK-100,LAV-CLA-01_B14,510.0,515.0
TK-100,LAV-CLA-01_B15,515.0,520.0
TK-100,LAV-CLA-01_B16,520.0,525.0
TK-100,LAV-CLA-01_B17,525.0,530.0
TK-100,LAV-CLA-01_B18,530.0,535.0
TK-100,LAV-CLA-01_B19,535.0,540.0
TK-100,LAV-CLA-01_B20,540.0,545.0
TK-100,LAV-CLA-01_B21,545.0,550.0
TK-100,LAV-CLA-01_B22,550.0,555.0
TK-100,LAV-CLA-01_B23,555.0,560.0
TK-100,LAV-CLA-01_B24,560.0,565.0
TK-100,LAV-CLA-01_B25,565.0,570.0
TK-100,LAV-CLA-01_B26,570.0,575.0
TK-100,LAV-CLA-01_B27,575.0,580.0
TK-100,LAV-CLA-01_B28,580.0,585.0
TK-100,LAV-CLA-01_B29,585.0,590.0
TK-100,LAV-CLA-01_B30,590.0,595.0
TK-100,LAV-CLA-01_B31,595.0,600.0
TK-100,LAV-CLA-01_B32,600.0,605.0
TK-100,LAV-CLA-01_B33,605.0,610.0
TK-100,LAV-CLA-01_B34,610.0,615.0
TK-100,LAV-CLA-01_B35,615.0,620.0
TK-100,LAV-CLA-01_B36,620.0,625.0
TK-100,LAV-CLA-01_B37,625.0,630.0
TK-100,LAV-CLA-01_B38,630.0,635.0
TK-100,LAV-CLA-01_B39,635.0,640.0
TK-100,LAV-CLA-01_B40,640.0,645.0
TK-100,LAV-CLA-01_B41,645.0,650.0
TK-100,LAV-CLA-01_B42,650.0,655.0
TK-100,LAV-CLA-01_B43,655.0,660.0
TK-100,LAV-CLA-01_B44,660.0,665.0
TK-100,LAV-CLA-01_B45,665.0,670.0
TK-100,LAV-CLA-01_B46,670.0,675.0
TK-100,LAV-CLA-01_B47,675.0,680.0
TK-100,LAV-CLA-01_B48,680.0,685.0
TK-100,LAV-CLA-01_B49,685.0,690.0
TK-100,LAV-CLA-01_B50,690.0,695.0
TK-100,LAV-CLA-01_B51,695.0,700.0
TK-100,LAV-CLA-01_B52,700.0,705.0
TK-100,LAV-CLA-01_B53,705.0,710.0
TK-100,LAV-CLA-01_B54,710.0,715.0
TK-100,LAV-CLA-01_B55,715.0,720.0
TK-100,LAV-CLA-01_B56,720.0,725.0
TK-100,LAV-CLA-01_B57,725.0,730.0
TK-100,LAV-CLA-01_B58,730.0,735.0
TK-100,LAV-CLA-01_B59,735.0,740.0
TK-100,LAV-CLA-01_B60,740.0,745.0
TK-100,LAV-CLA-01_B61,745.0,750.0
TK-100,LAV-CLA-01_B62,750.0,755.0
TK-100,LAV-CLA-01_B63,755.0,760.0
TK-100,LAV-CLA-01_B64,760.0,765.0
TK-100,LAV-CLA-01_B65,765.0,770.0
TK-100,LAV-CLA-01_B66,770.0,775.0
TK-100,LAV-CLA-01_B67,775.0,780.0
TK-100,LAV-CLA-01_B68,780.0,785.0
TK-100,LAV-CLA-01_B69,785.0,790.0
TK-100,LAV-CLA-01_B70,790.0,795.0
TK-100,LAV-CLA-01_B71,795.0,800.0
TK-100,LAV-CLA-01_B72,800.0,805.0
TK-100,LAV-CLA-01_B73,805.0,810.0
TK-100,LAV-CLA-01_B74,810.0,815.0
TK-100,LAV-CLA-01_B75,815.0,820.0
TK-100,LAV-CLA-01_B76,820.0,825.0
TK-100,LAV-CLA-01_B77,825.0,830.0
TK-100,LAV-CLA-01_B78,830.0,835.0
TK-100,LAV-CLA-01_B79,835.0,840.0
TK-100,LAV-CLA-01_B80,840.0,845.0
TK-100,LAV-CLA-01_B81,845.0,850.0
TK-100,LAV-CLA-01_B82,850.0,855.0
TK-100,LAV-CLA-01_B83,855.0,860.0
TK-100,LAV-CLA-01_B84,860.0,865.0
TK-100,LAV-CLA-01_B85,865.0,870.0
TK-100,LAV-CLA-01_B86,870.0,875.0
TK-100,LAV-CLA-01_B87,875.0,880.0
TK-100,LAV-CLA-01_B88,880.0,885.0
TK-100,LAV-CLA-01_B89,885.0,890.0
TK-100,LAV-CLA-01_B90,890.0,895.0
TK-100,LAV-CLA-01_B91,895.0,900.0
TK-100,LAV-CLA-01_B92,900.0,905.0
TK-100,LAV-CLA-01_B93,905.0,910.0
TK-100,LAV-CLA-01_B94,910.0,915.0
TK-100,LAV-CLA-01_B95,915.0,920.0
TK-100,LAV-CLA-01_B96,920.0,925.0
TK-100,LAV-CLA-01_B97,925.0,930.0
TK-100,LAV-CLA-01_B98,930.0,935.0
TK-100,LAV-CLA-01_B99,935.0,940.0
TK-100,LAV-CLA-01_B1,940.0,945.0
TK-100,LAV-CLA-01_B2,945.0,950.0
TK-100,LAV-CLA-01_B3,950.0,955.0
TK-100,LAV-CLA-01_B4,955.0,960.0
TK-100,LAV-CLA-01_B5,960.0,965.0
TK-100,LAV-CLA-01_B6,965.0,970.0
TK-100,LAV-CLA-01_B7,970.0,975.0
TK-100,LAV-CLA-01_B8,975.0,980.0
TK-100,LAV-CLA-01_B9,980.0,985.0
TK-200,LAV-FLO-02_B100,0.0,4.5
TK-200,LAV-FLO-02_B101,4.5,9.0
TK-200,LAV-FLO-02_B102,9.0,13.5
TK-200,LAV-FLO-02_B103,13.5,18.0
TK-200,LAV-FLO-02_B104,18.0,22.5
TK-200,LAV-FLO-02_B105,22.5,27.0
TK-200,LAV-FLO-02_B106,27.0,31.5
TK-200,LAV-FLO-02_B107,31.5,36.0
TK-200,LAV-FLO-02_B108,36.0,40.5
TK-200,LAV-FLO-02_B109,40.5,45.0
TK-200,LAV-FLO-02_B110,45.0,49.5
TK-200,LAV-FLO-02_B111,49.5,54.0
TK-200,LAV-FLO-02_B112,54.0,58.5
TK-200,LAV-FLO-02_B113,58.5,63.0
TK-200,LAV-FLO-02_B114,63.0,67.5
TK-200,LAV-FLO-02_B115,67.5,72.0
TK-200,LAV-FLO-02_B116,72.0,76.5
TK-200,LAV-FLO-02_B117,76.5,81.0
TK-200,LAV-FLO-02_B118,81.0,85.5
TK-200,LAV-FLO-02_B119,85.5,90.0
TK-200,LAV-FLO-02_B120,90.0,94.5
TK-200,LAV-FLO-02_B121,94.5,99.0
TK-200,LAV-FLO-02_B122,99.0,103.5
TK-200,LAV-FLO-02_B123,103.5,108.0
TK-200,LAV-FLO-02_B124,108.0,112.5
TK-200,LAV-FLO-02_B125,112.5,117.0
TK-200,LAV-FLO-02_B126,117.0,121.5
TK-200,LAV-FLO-02_B127,121.5,126.0
TK-200,LAV-FLO-02_B128,126.0,130.5
TK-200,LAV-FLO-02_B129,130.5,135.0
TK-200,LAV-FLO-02_B130,135.0,139.5
TK-200,LAV-FLO-02_B131,139.5,144.0
TK-200,LAV-FLO-02_B132,144.0,148.5
TK-200,LAV-FLO-02_B133,148.5,153.0
TK-200,LAV-FLO-02_B134,153.0,157.5
TK-200,LAV-FLO-02_B135,157.5,162.0
TK-200,LAV-FLO-02_B136,162.0,166.5
TK-200,LAV-FLO-02_B137,166.5,171.0
TK-200,LAV-FLO-02_B138,171.0,175.5
TK-200,LAV-FLO-02_B139,175.5,180.0
TK-200,LAV-FLO-02_B140,180.0,184.5
TK-200,LAV-FLO-02_B141,184.5,189.0
TK-200,LAV-FLO-02_B142,189.0,193.5
TK-200,LAV-FLO-02_B143,193.5,198.0
TK-200,LAV-FLO-02_B144,198.0,202.5
TK-200,LAV-FLO-02_B145,202.5,207.0
TK-200,LAV-FLO-02_B146,207.0,211.5
TK-200,LAV-FLO-02_B147,211.5,216.0
TK-200,LAV-FLO-02_B148,216.0,220.5
TK-200,LAV-FLO-02_B149,220.5,225.0
TK-200,LAV-FLO-02_B150,225.0,229.5
TK-200,LAV-FLO-02_B151,229.5,234.0
TK-200,LAV-FLO-02_B152,234.0,238.5
TK-200,LAV-FLO-02_B153,238.5,243.0
TK-200,LAV-FLO-02_B154,243.0,247.5
TK-200,LAV-FLO-02_B155,247.5,252.0
TK-200,LAV-FLO-02_B156,252.0,256.5
TK-200,LAV-FLO-02_B157,256.5,261.0
TK-200,LAV-FLO-02_B158,261.0,265.5
TK-200,LAV-FLO-02_B159,265.5,270.0
TK-200,LAV-FLO-02_B160,270.0,274.5
TK-200,LAV-FLO-02_B161,274.5,279.0
TK-200,LAV-FLO-02_B162,279.0,283.5
TK-200,LAV-FLO-02_B163,283.5,288.0
TK-200,LAV-FLO-02_B164,288.0,292.5
TK-200,LAV-FLO-02_B165,292.5,297.0
TK-200,LAV-FLO-02_B166,297.0,301.5
TK-200,LAV-FLO-02_B167,301.5,306.0
TK-200,LAV-FLO-02_B168,306.0,310.5
TK-200,LAV-FLO-02_B169,310.5,315.0
TK-200,LAV-FLO-02_B170,315.0,319.5
TK-200,LAV-FLO-02_B171,319.5,324.0
TK-200,LAV-FLO-02_B172,324.0,328.5
TK-200,LAV-FLO-02_B173,328.5,333.0
TK-200,LAV-FLO-02_B174,333.0,337.5
TK-200,LAV-FLO-02_B175,337.5,342.0
TK-200,LAV-FLO-02_B176,342.0,346.5
TK-200,LAV-FLO-02_B177,346.5,351.0
TK-200,LAV-FLO-02_B178,351.0,355.5
TK-200,LAV-FLO-02_B179,355.5,360.0
TK-200,LAV-FLO-02_B180,360.0,364.5
TK-200,LAV-FLO-02_B181,364.5,369.0
TK-200,LAV-FLO-02_B182,369.0,373.5
TK-200,LAV-FLO-02_B183,373.5,378.0
TK-200,LAV-FLO-02_B184,378.0,382.5
TK-200,LAV-FLO-02_B185,382.5,387.0
TK-200,LAV-FLO-02_B186,387.0,391.5
TK-200,LAV-FLO-02_B187,391.5,396.0
TK-200,LAV-FLO-02_B188,396.0,400.5
TK-200,LAV-FLO-02_B189,400.5,405.0
TK-200,LAV-FLO-02_B190,405.0,409.5
TK-200,LAV-FLO-02_B191,409.5,414.0
TK-200,LAV-FLO-02_B10,414.0,418.5
TK-200,LAV-FLO-02_B11,418.5,423.0
TK-200,LAV-FLO-02_B12,423.0,427.5
TK-200,LAV-FLO-02_B13,427.5,432.0
TK-200,LAV-FLO-02_B14,432.0,436.5
TK-200,LAV-FLO-02_B15,436.5,441.0
TK-200,LAV-FLO-02_B16,441.0,445.5
TK-200,LAV-FLO-02_B17,445.5,450.0
TK-200,LAV-FLO-02_B18,450.0,454.5
TK-200,LAV-FLO-02_B19,454.5,459.0
TK-200,LAV-FLO-02_B20,459.0,463.5
TK-200,LAV-FLO-02_B21,463.5,468.0
TK-200,LAV-FLO-02_B22,468.0,472.5
TK-200,LAV-FLO-02_B23,472.5,477.0
TK-200,LAV-FLO-02_B24,477.0,481.5
TK-200,LAV-FLO-02_B25,481.5,486.0
TK-200,LAV-FLO-02_B26,486.0,490.5
TK-200,LAV-FLO-02_B27,490.5,495.0
TK-200,LAV-FLO-02_B28,495.0,499.5
TK-200,LAV-FLO-02_B29,499.5,504.0
TK-200,LAV-FLO-02_B30,504.0,508.5
TK-200,LAV-FLO-02_B31,508.5,513.0
TK-200,LAV-FLO-02_B32,513.0,517.5
TK-200,LAV-FLO-02_B33,517.5,522.0
TK-200,LAV-FLO-02_B34,522.0,526.5
TK-200,LAV-FLO-02_B35,526.5,531.0
TK-200,LAV-FLO-02_B36,531.0,535.5
TK-200,LAV-FLO-02_B37,535.5,540.0
TK-200,LAV-FLO-02_B38,540.0,544.5
TK-200,LAV-FLO-02_B39,544.5,549.0
TK-200,LAV-FLO-02_B40,549.0,553.5
TK-200,LAV-FLO-02_B41,553.5,558.0
TK-200,LAV-FLO-02_B42,558.0,562.5
TK-200,LAV-FLO-02_B43,562.5,567.0
TK-200,LAV-FLO-02_B44,567.0,571.5
TK-200,LAV-FLO-02_B45,571.5,576.0
TK-200,LAV-FLO-02_B46,576.0,580.5
TK-200,LAV-FLO-02_B47,580.5,585.0
TK-200,LAV-FLO-02_B48,585.0,589.5
TK-200,LAV-FLO-02_B49,589.5,594.0
TK-200,LAV-FLO-02_B50,594.0,598.5
TK-200,LAV-FLO-02_B51,598.5,603.0
TK-200,LAV-FLO-02_B52,603.0,607.5
TK-200,LAV-FLO-02_B53,607.5,612.0
TK-200,LAV-FLO-02_B54,612.0,616.5
TK-200,LAV-FLO-02_B55,616.5,621.0
TK-200,LAV-FLO-02_B56,621.0,625.5
TK-200,LAV-FLO-02_B57,625.5,630.0
TK-200,LAV-FLO-02_B58,630.0,634.5
TK-200,LAV-FLO-02_B59,634.5,639.0
TK-200,LAV-FLO-02_B60,639.0,643.5
TK-200,LAV-FLO-02_B61,643.5,648.0
TK-200,LAV-FLO-02_B62,648.0,652.5
TK-200,LAV-FLO-02_B63,652.5,657.0
TK-200,LAV-FLO-02_B64,657.0,661.5
TK-200,LAV-FLO-02_B65,661.5,666.0
TK-200,LAV-FLO-02_B66,666.0,670.5
TK-200,LAV-FLO-02_B67,670.5,675.0
TK-200,LAV-FLO-02_B68,675.0,679.5
TK-200,LAV-FLO-02_B69,679.5,684.0
TK-200,LAV-FLO-02_B70,684.0,688.5
TK-200,LAV-FLO-02_B71,688.5,693.0
TK-200,LAV-FLO-02_B72,693.0,697.5
TK-200,LAV-FLO-02_B73,697.5,702.0
TK-200,LAV-FLO-02_B74,702.0,706.5
TK-200,LAV-FLO-02_B75,706.5,711.0
TK-200,LAV-FLO-02_B76,711.0,715.5
TK-200,LAV-FLO-02_B77,715.5,720.0
TK-200,LAV-FLO-02_B78,720.0,724.5
TK-200,LAV-FLO-02_B79,724.5,729.0
TK-200,LAV-FLO-02_B80,729.0,733.5
TK-200,LAV-FLO-02_B81,733.5,738.0
TK-200,LAV-FLO-02_B82,738.0,742.5
TK-200,LAV-FLO-02_B83,742.5,747.0
TK-200,LAV-FLO-02_B84,747.0,751.5
TK-200,LAV-FLO-02_B85,751.5,756.0
TK-200,LAV-FLO-02_B86,756.0,760.5
TK-200,LAV-FLO-02_B87,760.5,765.0
TK-200,LAV-FLO-02_B88,765.0,769.5
TK-200,LAV-FLO-02_B89,769.5,774.0
TK-200,LAV-FLO-02_B90,774.0,778.5
TK-200,LAV-FLO-02_B91,778.5,783.0
TK-200,LAV-FLO-02_B92,783.0,787.5
TK-200,LAV-FLO-02_B93,787.5,792.0
TK-200,LAV-FLO-02_B94,792.0,796.5
TK-200,LAV-FLO-02_B95,796.5,801.0
TK-200,LAV-FLO-02_B96,801.0,805.5
TK-200,LAV-FLO-02_B97,805.5,810.0
TK-200,LAV-FLO-02_B98,810.0,814.5
TK-200,LAV-FLO-02_B99,814.5,819.0
TK-200,LAV-FLO-02_B1,819.0,823.5
TK-200,LAV-FLO-02_B2,823.5,828.0
TK-200,LAV-FLO-02_B3,828.0,832.5
TK-200,LAV-FLO-02_B4,832.5,837.0
TK-200,LAV-FLO-02_B5,837.0,841.5
TK-200,LAV-FLO-02_B6,841.5,846.0
TK-200,LAV-FLO-02_B7,846.0,850.5
TK-200,LAV-FLO-02_B8,850.5,855.0
TK-200,LAV-FLO-02_B9,855.0,859.5
TK-200,LAV-BLA-03_B100,859.5,864.0
TK-200,LAV-BLA-03_B101,864.0,868.5
TK-200,LAV-BLA-03_B102,868.5,873.0
TK-200,LAV-BLA-03_B103,873.0,877.5
TK-200,LAV-BLA-03_B10,877.5,882.0
TK-200,LAV-BLA-03_B11,882.0,886.5
TK-200,LAV-BLA-03_B12,886.5,891.0
TK-200,LAV-BLA-03_B13,891.0,895.5
TK-200,LAV-BLA-03_B14,895.5,900.0
TK-200,LAV-BLA-03_B15,900.0,904.5
TK-200,LAV-BLA-03_B16,904.5,909.0
TK-200,LAV-BLA-03_B17,909.0,913.5
TK-200,LAV-BLA-03_B18,913.5,918.0
TK-200,LAV-BLA-03_B19,918.0,922.5
TK-200,LAV-BLA-03_B20,922.5,927.0
TK-200,LAV-BLA-03_B21,927.0,931.5
TK-200,LAV-BLA-03_B22,931.5,936.0
TK-200,LAV-BLA-03_B23,936.0,940.5
TK-200,LAV-BLA-03_B24,940.5,945.0
TK-200,LAV-BLA-03_B25,945.0,949.5
TK-200,LAV-BLA-03_B26,949.5,954.0
TK-200,LAV-BLA-03_B27,954.0,958.5
TK-200,LAV-BLA-03_B28,958.5,963.0
TK-200,LAV-BLA-03_B29,963.0,967.5
TK-200,LAV-BLA-03_B30,967.5,972.0
TK-200,LAV-BLA-03_B31,972.0,976.5
TK-200,LAV-BLA-03_B32,976.5,981.0
TK-200,LAV-BLA-03_B33,981.0,985.5
TK-200,LAV-BLA-03_B34,985.5,990.0
TK-200,LAV-BLA-03_B35,990.0,994.5
TK-200,LAV-BLA-03_B36,994.5,999.0
TK-200,LAV-BLA-03_B37,999.0,1003.5
TK-200,LAV-BLA-03_B38,1003.5,1008.0
TK-200,LAV-BLA-03_B39,1008.0,1012.5
TK-200,LAV-BLA-03_B40,1012.5,1017.0
TK-200,LAV-BLA-03_B41,1017.0,1021.5
TK-200,LAV-BLA-03_B42,1021.5,1026.0
TK-200,LAV-BLA-03_B43,1026.0,1030.5
TK-200,LAV-BLA-03_B44,1030.5,1035.0
TK-200,LAV-BLA-03_B45,1035.0,1039.5
TK-200,LAV-BLA-03_B46,1039.5,1044.0
TK-200,LAV-BLA-03_B47,1044.0,1048.5
TK-200,LAV-BLA-03_B48,1048.5,1053.0
TK-200,LAV-BLA-03_B49,1053.0,1057.5
TK-200,LAV-BLA-03_B50,1057.5,1062.0
TK-200,LAV-BLA-03_B51,1062.0,1066.5
TK-200,LAV-BLA-03_B52,1066.5,1071.0
TK-200,LAV-BLA-03_B53,1071.0,1075.5
TK-200,LAV-BLA-03_B54,1075.5,1080.0
TK-200,LAV-BLA-03_B55,1080.0,1084.5
TK-200,LAV-BLA-03_B56,1084.5,1089.0
TK-200,LAV-BLA-03_B57,1089.0,1093.5
TK-200,LAV-BLA-03_B58,1093.5,1098.0
TK-200,LAV-BLA-03_B59,1098.0,1102.5
TK-200,LAV-BLA-03_B60,1102.5,1107.0
TK-200,LAV-BLA-03_B61,1107.0,1111.5
TK-200,LAV-BLA-03_B62,1111.5,1116.0
TK-200,LAV-BLA-03_B63,1116.0,1120.5
TK-200,LAV-BLA-03_B64,1120.5,1125.0
TK-200,LAV-BLA-03_B65,1125.0,1129.5
TK-200,LAV-BLA-03_B66,1129.5,1134.0
TK-200,LAV-BLA-03_B67,1134.0,1138.5
TK-200,LAV-BLA-03_B68,1138.5,1143.0
TK-200,LAV-BLA-03_B69,1143.0,1147.5
TK-200,LAV-BLA-03_B70,1147.5,1152.0
TK-200,LAV-BLA-03_B71,1152.0,1156.5
TK-200,LAV-BLA-03_B72,1156.5,1161.0
TK-200,LAV-BLA-03_B73,1161.0,1165.5
TK-200,LAV-BLA-03_B74,1165.5,1170.0
TK-200,LAV-BLA-03_B75,1170.0,1174.5
TK-200,LAV-BLA-03_B76,1174.5,1179.0
TK-200,LAV-BLA-03_B77,1179.0,1183.5
TK-200,LAV-BLA-03_B78,1183.5,1188.0
TK-200,LAV-BLA-03_B79,1188.0,1192.5
TK-200,LAV-BLA-03_B80,1192.5,1197.0
TK-200,LAV-BLA-03_B81,1197.0,1201.5
TK-200,LAV-BLA-03_B82,1201.5,1206.0
TK-200,LAV-BLA-03_B83,1206.0,1210.5
TK-200,LAV-BLA-03_B84,1210.5,1215.0
TK-200,LAV-BLA-03_B85,1215.0,1219.5
TK-200,LAV-BLA-03_B86,1219.5,1224.0
TK-200,LAV-BLA-03_B87,1224.0,1228.5
TK-200,LAV-BLA-03_B88,1228.5,1233.0
TK-200,LAV-BLA-03_B89,1233.0,1237.5
TK-200,LAV-BLA-03_B90,1237.5,1242.0
TK-200,LAV-BLA-03_B91,1242.0,1246.5
TK-200,LAV-BLA-03_B92,1246.5,1251.0
TK-200,LAV-BLA-03_B93,1251.0,1255.5
TK-200,LAV-BLA-03_B94,1255.5,1260.0
TK-200,LAV-BLA-03_B95,1260.0,1264.5
TK-200,LAV-BLA-03_B96,1264.5,1269.0
TK-200,LAV-BLA-03_B97,1269.0,1273.5
TK-200,LAV-BLA-03_B98,1273.5,1278.0
TK-200,LAV-BLA-03_B99,1278.0,1282.5
TK-200,LAV-BLA-03_B1,1282.5,1287.0
TK-200,LAV-BLA-03_B2,1287.0,1291.5
TK-200,LAV-BLA-03_B3,1291.5,1296.0
TK-200,LAV-BLA-03_B4,1296.0,1300.5
TK-200,LAV-BLA-03_B5,1300.5,1305.0
TK-200,LAV-BLA-03_B6,1305.0,1309.5
TK-200,LAV-BLA-03_B7,1309.5,1314.0
TK-200,LAV-BLA-03_B8,1314.0,1318.5
TK-200,LAV-BLA-03_B9,1318.5,1323.0
