Fecha,SKU,Producto,Litros_Vendidos
2023-10-01,LAV-FLO-02,Lavandina Floral,5228
2023-10-02,LAV-BLA-03,Lavandina Ropa Blanca,4100
2023-10-03,LAV-CLA-01,Lavandina Clásica,8524
2023-10-04,LAV-CLA-01,Lavandina Clásica,8612
2023-10-04,LAV-FLO-02,Lavandina Floral,5359
2023-10-05,LAV-BLA-03,Lavandina Ropa Blanca,2186
2023-10-06,LAV-CLA-01,Lavandina Clásica,9547
2023-10-06,LAV-FLO-02,Lavandina Floral,3593
2023-10-07,LAV-CLA-01,Lavandina Clásica,8489
2023-10-07,LAV-BLA-03,Lavandina Ropa Blanca,3742
2023-10-08,LAV-CLA-01,Lavandina Clásica,9416
2023-10-08,LAV-BLA-03,Lavandina Ropa Blanca,2474
2023-10-09,LAV-FLO-02,Lavandina Floral,4879
2023-10-09,LAV-BLA-03,Lavandina Ropa Blanca,1906
2023-10-10,LAV-BLA-03,Lavandina Ropa Blanca,3698
2023-10-10,LAV-FLO-02,Lavandina Floral,4887
2023-10-13,LAV-CLA-01,Lavandina Clásica,7318
2023-10-13,LAV-FLO-02,Lavandina Floral,4022
2023-10-14,LAV-CLA-01,Lavandina Clásica,8376
2023-10-14,LAV-BLA-03,Lavandina Ropa Blanca,3532
2023-10-15,LAV-CLA-01,Lavandina Clásica,10841
2023-10-16,LAV-FLO-02,Lavandina Floral,5307
2023-10-16,LAV-BLA-03,Lavandina Ropa Blanca,2841
2023-10-17,LAV-BLA-03,Lavandina Ropa Blanca,3025
2023-10-18,LAV-CLA-01,Lavandina Clásica,9329
2023-10-18,LAV-BLA-03,Lavandina Ropa Blanca,3777
2023-10-19,LAV-CLA-01,Lavandina Clásica,11794
2023-10-19,LAV-FLO-02,Lavandina Floral,4983
2023-10-19,LAV-BLA-03,Lavandina Ropa Blanca,2894
2023-10-20,LAV-BLA-03,Lavandina Ropa Blanca,3104
2023-10-21,LAV-FLO-02,Lavandina Floral,4546
2023-10-21,LAV-BLA-03,Lavandina Ropa Blanca,3366
2023-10-22,LAV-CLA-01,Lavandina Clásica,8166
2023-10-22,LAV-FLO-02,Lavandina Floral,4319
2023-10-22,LAV-BLA-03,Lavandina Ropa Blanca,3716
2023-10-23,LAV-CLA-01,Lavandina Clásica,9958
2023-10-23,LAV-BLA-03,Lavandina Ropa Blanca,4004
2023-10-24,LAV-CLA-01,Lavandina Clásica,9713
2023-10-25,LAV-FLO-02,Lavandina Floral,4948
2023-10-26,LAV-CLA-01,Lavandina Clásica,9844
2023-10-26,LAV-FLO-02,Lavandina Floral,4406
2023-10-27,LAV-CLA-01,Lavandina Clásica,8979
2023-10-27,LAV-BLA-03,Lavandina Ropa Blanca,2553
2023-10-28,LAV-FLO-02,Lavandina Floral,4704
2023-10-28,LAV-CLA-01,Lavandina Clásica,11645
2023-10-29,LAV-BLA-03,Lavandina Ropa Blanca,2090
2023-10-30,LAV-CLA-01,Lavandina Clásica,9136
2023-10-30,LAV-BLA-03,Lavandina Ropa Blanca,3331
2023-10-31,LAV-CLA-01,Lavandina Clásica,10649
2023-10-31,LAV-FLO-02,Lavandina Floral,3812
2023-11-01,LAV-CLA-01,Lavandina Clásica,11645
2023-11-01,LAV-FLO-02,Lavandina Floral,3611
2023-11-01,LAV-BLA-03,Lavandina Ropa Blanca,2518
2023-11-02,LAV-FLO-02,Lavandina Floral,4275
2023-11-02,LAV-BLA-03,Lavandina Ropa Blanca,3147
2023-11-03,LAV-FLO-02,Lavandina Floral,4433
2023-11-04,LAV-CLA-01,Lavandina Clásica,10413
2023-11-05,LAV-FLO-02,Lavandina Floral,4590
2023-11-05,LAV-BLA-03,Lavandina Ropa Blanca,3655
2023-11-06,LAV-FLO-02,Lavandina Floral,3453
2023-11-06,LAV-CLA-01,Lavandina Clásica,7501
2023-11-07,LAV-CLA-01,Lavandina Clásica,9731
2023-11-07,LAV-FLO-02,Lavandina Floral,3585
2023-11-08,LAV-CLA-01,Lavandina Clásica,11313
2023-11-08,LAV-FLO-02,Lavandina Floral,4913
2023-11-08,LAV-BLA-03,Lavandina Ropa Blanca,3357
2023-11-09,LAV-BLA-03,Lavandina Ropa Blanca,3331
2023-11-10,LAV-BLA-03,Lavandina Ropa Blanca,2693
2023-11-11,LAV-CLA-01,Lavandina Clásica,7563
2023-11-11,LAV-FLO-02,Lavandina Floral,5237
2023-11-12,LAV-FLO-02,Lavandina Floral,5473
2023-11-12,LAV-BLA-03,Lavandina Ropa Blanca,3401
2023-11-13,LAV-CLA-01,Lavandina Clásica,9049
2023-11-14,LAV-CLA-01,Lavandina Clásica,8253
2023-11-14,LAV-BLA-03,Lavandina Ropa Blanca,3908
2023-11-15,LAV-BLA-03,Lavandina Ropa Blanca,3121
2023-11-15,LAV-CLA-01,Lavandina Clásica,10282
2023-11-15,LAV-FLO-02,Lavandina Floral,3611
2023-11-16,LAV-BLA-03,Lavandina Ropa Blanca,3069
2023-11-17,LAV-CLA-01,Lavandina Clásica,10605
2023-11-17,LAV-FLO-02,Lavandina Floral,4363
2023-11-18,LAV-CLA-01,Lavandina Clásica,10658
2023-11-19,LAV-CLA-01,Lavandina Clásica,9713
2023-11-19,LAV-FLO-02,Lavandina Floral,5018
2023-11-20,LAV-CLA-01,Lavandina Clásica,11103
2023-11-20,LAV-FLO-02,Lavandina Floral,4756
2023-11-20,LAV-BLA-03,Lavandina Ropa Blanca,2535
2023-11-21,LAV-FLO-02,Lavandina Floral,5805
2023-11-21,LAV-BLA-03,Lavandina Ropa Blanca,3471
2023-11-22,LAV-BLA-03,Lavandina Ropa Blanca,3550
2023-11-22,LAV-FLO-02,Lavandina Floral,5464
2023-11-22,LAV-CLA-01,Lavandina Clásica,15501
2023-11-24,LAV-CLA-01,Lavandina Clásica,9372
2023-11-24,LAV-FLO-02,Lavandina Floral,4293
2023-11-25,LAV-CLA-01,Lavandina Clásica,8699
2023-11-25,LAV-BLA-03,Lavandina Ropa Blanca,3829
2023-11-26,LAV-CLA-01,Lavandina Clásica,10299
2023-11-27,LAV-CLA-01,Lavandina Clásica,7440
2023-11-27,LAV-FLO-02,Lavandina Floral,5788
2023-11-27,LAV-BLA-03,Lavandina Ropa Blanca,3663
2023-11-28,LAV-CLA-01,Lavandina Clásica,11086
2023-11-28,LAV-BLA-03,Lavandina Ropa Blanca,2745
2023-11-29,LAV-BLA-03,Lavandina Ropa Blanca,3462
2023-11-30,LAV-CLA-01,Lavandina Clásica,10797
2023-12-01,LAV-FLO-02,Lavandina Floral,5464
2023-12-02,LAV-BLA-03,Lavandina Ropa Blanca,3794
2023-12-02,LAV-CLA-01,Lavandina Clásica,11427
2023-12-02,LAV-FLO-02,Lavandina Floral,6382
2023-12-03,LAV-BLA-03,Lavandina Ropa Blanca,3418
2023-12-04,LAV-CLA-01,Lavandina Clásica,10658
2023-12-04,LAV-BLA-03,Lavandina Ropa Blanca,2326
2023-12-05,LAV-CLA-01,Lavandina Clásica,9276
2023-12-05,LAV-BLA-03,Lavandina Ropa Blanca,2868
2023-12-06,LAV-FLO-02,Lavandina Floral,4817
2023-12-06,LAV-BLA-03,Lavandina Ropa Blanca,3401
2023-12-07,LAV-BLA-03,Lavandina Ropa Blanca,3716
2023-12-08,LAV-FLO-02,Lavandina Floral,4809
2023-12-09,LAV-CLA-01,Lavandina Clásica,10483
2023-12-09,LAV-FLO-02,Lavandina Floral,5254
2023-12-10,LAV-CLA-01,Lavandina Clásica,9547
2023-12-10,LAV-FLO-02,Lavandina Floral,4940
2023-12-11,LAV-FLO-02,Lavandina Floral,4223
2023-12-12,LAV-CLA-01,Lavandina Clásica,8454
2023-12-12,LAV-FLO-02,Lavandina Floral,4441
2023-12-12,LAV-BLA-03,Lavandina Ropa Blanca,3375
2023-12-13,LAV-CLA-01,Lavandina Clásica,10352
2023-12-14,LAV-CLA-01,Lavandina Clásica,6627
2023-12-14,LAV-FLO-02,Lavandina Floral,3759
2023-12-15,LAV-CLA-01,Lavandina Clásica,9093
2023-12-15,LAV-FLO-02,Lavandina Floral,5578
2023-12-15,LAV-BLA-03,Lavandina Ropa Blanca,3961
2023-12-16,LAV-FLO-02,Lavandina Floral,4730
2023-12-17,LAV-FLO-02,Lavandina Floral,4503
2023-12-17,LAV-BLA-03,Lavandina Ropa Blanca,2754
2023-12-18,LAV-CLA-01,Lavandina Clásica,12450
2023-12-18,LAV-FLO-02,Lavandina Floral,5552
2023-12-19,LAV-BLA-03,Lavandina Ropa Blanca,3567
2023-12-19,LAV-FLO-02,Lavandina Floral,5324
2023-12-20,LAV-FLO-02,Lavandina Floral,4774
2023-12-20,LAV-BLA-03,Lavandina Ropa Blanca,2719
2023-12-21,LAV-CLA-01,Lavandina Clásica,8140
2023-12-21,LAV-BLA-03,Lavandina Ropa Blanca,2938
2023-12-22,LAV-CLA-01,Lavandina Clásica,8760
2023-12-22,LAV-FLO-02,Lavandina Floral,4879
2023-12-22,LAV-BLA-03,Lavandina Ropa Blanca,3873
2023-12-23,LAV-CLA-01,Lavandina Clásica,8690
2023-12-23,LAV-FLO-02,Lavandina Floral,4197
2023-12-24,LAV-CLA-01,Lavandina Clásica,11576
2023-12-24,LAV-FLO-02,Lavandina Floral,5394
2023-12-25,LAV-CLA-01,Lavandina Clásica,9189
2023-12-25,LAV-BLA-03,Lavandina Ropa Blanca,3349
2023-12-26,LAV-FLO-02,Lavandina Floral,4634
2023-12-26,LAV-CLA-01,Lavandina Clásica,8140
2023-12-27,LAV-CLA-01,Lavandina Clásica,10072
2023-12-27,LAV-BLA-03,Lavandina Ropa Blanca,3287
2023-12-28,LAV-FLO-02,Lavandina Floral,4730
2023-12-28,LAV-BLA-03,Lavandina Ropa Blanca,4573
2023-12-29,LAV-CLA-01,Lavandina Clásica,10081
2023-12-29,LAV-FLO-02,Lavandina Floral,5665
2023-12-29,LAV-BLA-03,Lavandina Ropa Blanca,4284
2023-12-30,LAV-BLA-03,Lavandina Ropa Blanca,3077
2023-12-31,LAV-CLA-01,Lavandina Clásica,10972
2024-01-01,LAV-CLA-01,Lavandina Clásica,11060
2024-01-01,LAV-BLA-03,Lavandina Ropa Blanca,2002
2024-01-02,LAV-CLA-01,Lavandina Clásica,9976
2024-01-02,LAV-BLA-03,Lavandina Ropa Blanca,4328
2024-01-03,LAV-BLA-03,Lavandina Ropa Blanca,3095
2024-01-03,LAV-CLA-01,Lavandina Clásica,10605
2024-01-03,LAV-FLO-02,Lavandina Floral,5875
2024-01-04,LAV-CLA-01,Lavandina Clásica,8996
2024-01-04,LAV-FLO-02,Lavandina Floral,4948
2024-01-05,LAV-CLA-01,Lavandina Clásica,7711
2024-01-05,LAV-FLO-02,Lavandina Floral,4625
2024-01-05,LAV-BLA-03,Lavandina Ropa Blanca,3926
2024-01-06,LAV-BLA-03,Lavandina Ropa Blanca,3147
2024-01-07,LAV-CLA-01,Lavandina Clásica,9512
2024-01-07,LAV-FLO-02,Lavandina Floral,4363
2024-01-07,LAV-BLA-03,Lavandina Ropa Blanca,3532
2024-01-08,LAV-BLA-03,Lavandina Ropa Blanca,3480
2024-01-08,LAV-FLO-02,Lavandina Floral,3637
2024-01-09,LAV-FLO-02,Lavandina Floral,4476
2024-01-09,LAV-BLA-03,Lavandina Ropa Blanca,3217
2024-01-09,LAV-CLA-01,Lavandina Clásica,8131
2024-01-10,LAV-CLA-01,Lavandina Clásica,11882
2024-01-10,LAV-FLO-02,Lavandina Floral,5525
2024-01-10,LAV-BLA-03,Lavandina Ropa Blanca,3244
2024-01-11,LAV-BLA-03,Lavandina Ropa Blanca,4083
2024-01-13,LAV-FLO-02,Lavandina Floral,5412
2024-01-14,LAV-CLA-01,Lavandina Clásica,9014
2024-01-14,LAV-FLO-02,Lavandina Floral,5281
2024-01-14,LAV-BLA-03,Lavandina Ropa Blanca,4170
2024-01-15,LAV-CLA-01,Lavandina Clásica,7265
2024-01-15,LAV-FLO-02,Lavandina Floral,3375
2024-01-15,LAV-BLA-03,Lavandina Ropa Blanca,3112
2024-01-16,LAV-CLA-01,Lavandina Clásica,6181
2024-01-16,LAV-FLO-02,Lavandina Floral,4642
2024-01-18,LAV-BLA-03,Lavandina Ropa Blanca,2824
2024-01-19,LAV-CLA-01,Lavandina Clásica,7772
2024-01-19,LAV-FLO-02,Lavandina Floral,3943
2024-01-22,LAV-CLA-01,Lavandina Clásica,10229
2024-01-23,LAV-CLA-01,Lavandina Clásica,9276
2024-01-23,LAV-FLO-02,Lavandina Floral,4747
2024-01-23,LAV-BLA-03,Lavandina Ropa Blanca,3681
2024-01-24,LAV-CLA-01,Lavandina Clásica,8463
2024-01-25,LAV-FLO-02,Lavandina Floral,3523
2024-01-25,LAV-BLA-03,Lavandina Ropa Blanca,4004
2024-01-26,LAV-CLA-01,Lavandina Clásica,10343
2024-01-26,LAV-FLO-02,Lavandina Floral,4966
2024-01-26,LAV-BLA-03,Lavandina Ropa Blanca,3060
2024-01-27,LAV-CLA-01,Lavandina Clásica,7939
2024-01-30,LAV-BLA-03,Lavandina Ropa Blanca,3191
2024-01-30,LAV-CLA-01,Lavandina Clásica,12091
2024-01-30,LAV-FLO-02,Lavandina Floral,5412
2024-01-31,LAV-CLA-01,Lavandina Clásica,8078
2024-01-31,LAV-FLO-02,Lavandina Floral,3899
2024-02-01,LAV-FLO-02,Lavandina Floral,4564
2024-02-01,LAV-BLA-03,Lavandina Ropa Blanca,2264
2024-02-04,LAV-FLO-02,Lavandina Floral,5158
2024-02-05,LAV-CLA-01,Lavandina Clásica,9862
2024-02-06,LAV-CLA-01,Lavandina Clásica,9355
2024-02-06,LAV-FLO-02,Lavandina Floral,4267
2024-02-07,LAV-CLA-01,Lavandina Clásica,10623
2024-02-07,LAV-FLO-02,Lavandina Floral,6321
2024-02-08,LAV-CLA-01,Lavandina Clásica,11986
2024-02-09,LAV-BLA-03,Lavandina Ropa Blanca,3174
2024-02-09,LAV-CLA-01,Lavandina Clásica,6881
2024-02-10,LAV-FLO-02,Lavandina Floral,4669
2024-02-10,LAV-BLA-03,Lavandina Ropa Blanca,2378
2024-02-12,LAV-FLO-02,Lavandina Floral,5508
2024-02-13,LAV-CLA-01,Lavandina Clásica,8533
2024-02-13,LAV-FLO-02,Lavandina Floral,4144
2024-02-13,LAV-BLA-03,Lavandina Ropa Blanca,4677
2024-02-14,LAV-FLO-02,Lavandina Floral,5010
2024-02-14,LAV-BLA-03,Lavandina Ropa Blanca,2763
2024-02-15,LAV-BLA-03,Lavandina Ropa Blanca,3882
2024-02-16,LAV-FLO-02,Lavandina Floral,4913
2024-02-17,LAV-BLA-03,Lavandina Ropa Blanca,3322
2024-02-18,LAV-FLO-02,Lavandina Floral,6347
2024-02-19,LAV-CLA-01,Lavandina Clásica,6234
2024-02-19,LAV-FLO-02,Lavandina Floral,3926
2024-02-20,LAV-FLO-02,Lavandina Floral,4730
2024-02-20,LAV-CLA-01,Lavandina Clásica,6951
2024-02-21,LAV-BLA-03,Lavandina Ropa Blanca,3628
2024-02-21,LAV-CLA-01,Lavandina Clásica,9809
2024-02-22,LAV-CLA-01,Lavandina Clásica,8061
2024-02-22,LAV-FLO-02,Lavandina Floral,4398
2024-02-22,LAV-BLA-03,Lavandina Ropa Blanca,3751
2024-02-23,LAV-CLA-01,Lavandina Clásica,9565
2024-02-24,LAV-FLO-02,Lavandina Floral,4774
2024-02-24,LAV-BLA-03,Lavandina Ropa Blanca,2841
2024-02-25,LAV-CLA-01,Lavandina Clásica,11068
2024-02-25,LAV-BLA-03,Lavandina Ropa Blanca,2824
2024-02-26,LAV-BLA-03,Lavandina Ropa Blanca,2876
2024-02-27,LAV-CLA-01,Lavandina Clásica,8568
2024-02-27,LAV-FLO-02,Lavandina Floral,5805
2024-02-27,LAV-BLA-03,Lavandina Ropa Blanca,3777
2024-02-29,LAV-FLO-02,Lavandina Floral,5893
2024-02-29,LAV-BLA-03,Lavandina Ropa Blanca,3322
2024-02-29,LAV-CLA-01,Lavandina Clásica,6636
2024-03-01,LAV-CLA-01,Lavandina Clásica,10220
2024-03-01,LAV-FLO-02,Lavandina Floral,6409
2024-03-01,LAV-BLA-03,Lavandina Ropa Blanca,4800
2024-03-02,LAV-CLA-01,Lavandina Clásica,10929
2024-03-02,LAV-FLO-02,Lavandina Floral,6784
2024-03-02,LAV-BLA-03,Lavandina Ropa Blanca,5525
2024-03-03,LAV-CLA-01,Lavandina Clásica,11514
2024-03-03,LAV-FLO-02,Lavandina Floral,5254
2024-03-03,LAV-BLA-03,Lavandina Ropa Blanca,4083
2024-03-04,LAV-CLA-01,Lavandina Clásica,12703
2024-03-04,LAV-FLO-02,Lavandina Floral,7440
2024-03-05,LAV-BLA-03,Lavandina Ropa Blanca,4905
2024-03-06,LAV-CLA-01,Lavandina Clásica,7720
2024-03-07,LAV-FLO-02,Lavandina Floral,6015
2024-03-07,LAV-CLA-01,Lavandina Clásica,9434
2024-03-08,LAV-FLO-02,Lavandina Floral,7134
2024-03-09,LAV-CLA-01,Lavandina Clásica,12257
2024-03-09,LAV-FLO-02,Lavandina Floral,6006
2024-03-10,LAV-CLA-01,Lavandina Clásica,10264
2024-03-10,LAV-FLO-02,Lavandina Floral,5578
2024-03-10,LAV-BLA-03,Lavandina Ropa Blanca,4319
2024-03-11,LAV-FLO-02,Lavandina Floral,5692
2024-03-12,LAV-CLA-01,Lavandina Clásica,11436
2024-03-12,LAV-FLO-02,Lavandina Floral,7746
2024-03-12,LAV-BLA-03,Lavandina Ropa Blanca,1958
2024-03-13,LAV-CLA-01,Lavandina Clásica,10115
2024-03-13,LAV-BLA-03,Lavandina Ropa Blanca,4363
2024-03-14,LAV-BLA-03,Lavandina Ropa Blanca,4975
2024-03-14,LAV-FLO-02,Lavandina Floral,5473
2024-03-14,LAV-CLA-01,Lavandina Clásica,9635
2024-03-16,LAV-CLA-01,Lavandina Clásica,15256
2024-03-17,LAV-CLA-01,Lavandina Clásica,13639
2024-03-18,LAV-FLO-02,Lavandina Floral,5185
2024-03-18,LAV-BLA-03,Lavandina Ropa Blanca,3891
2024-03-19,LAV-CLA-01,Lavandina Clásica,15020
2024-03-20,LAV-CLA-01,Lavandina Clásica,13272
2024-03-20,LAV-FLO-02,Lavandina Floral,4975
2024-03-20,LAV-BLA-03,Lavandina Ropa Blanca,3751
2024-03-21,LAV-BLA-03,Lavandina Ropa Blanca,5071
2024-03-22,LAV-FLO-02,Lavandina Floral,7598
2024-03-22,LAV-BLA-03,Lavandina Ropa Blanca,2369
2024-03-23,LAV-FLO-02,Lavandina Floral,5718
2024-03-23,LAV-BLA-03,Lavandina Ropa Blanca,4529
2024-03-24,LAV-FLO-02,Lavandina Floral,6452
2024-03-24,LAV-CLA-01,Lavandina Clásica,12826
2024-03-25,LAV-FLO-02,Lavandina Floral,4879
2024-03-26,LAV-CLA-01,Lavandina Clásica,14146
2024-03-26,LAV-FLO-02,Lavandina Floral,4940
2024-03-27,LAV-FLO-02,Lavandina Floral,6400
2024-03-28,LAV-CLA-01,Lavandina Clásica,13438
2024-03-28,LAV-FLO-02,Lavandina Floral,4503
2024-03-28,LAV-BLA-03,Lavandina Ropa Blanca,4406
2024-03-29,LAV-CLA-01,Lavandina Clásica,14644
2024-03-29,LAV-FLO-02,Lavandina Floral,4363
2024-03-29,LAV-BLA-03,Lavandina Ropa Blanca,3121
2024-03-30,LAV-BLA-03,Lavandina Ropa Blanca,4345
2024-04-01,LAV-FLO-02,Lavandina Floral,5499
2024-04-02,LAV-BLA-03,Lavandina Ropa Blanca,4704
2024-04-02,LAV-FLO-02,Lavandina Floral,5971
2024-04-02,LAV-CLA-01,Lavandina Clásica,16952
2024-04-03,LAV-FLO-02,Lavandina Floral,4695
2024-04-03,LAV-BLA-03,Lavandina Ropa Blanca,5158
2024-04-04,LAV-BLA-03,Lavandina Ropa Blanca,3602
2024-04-05,LAV-CLA-01,Lavandina Clásica,11270
2024-04-05,LAV-BLA-03,Lavandina Ropa Blanca,5709
2024-04-06,LAV-CLA-01,Lavandina Clásica,10299
2024-04-06,LAV-FLO-02,Lavandina Floral,7265
2024-04-07,LAV-FLO-02,Lavandina Floral,4905
2024-04-07,LAV-BLA-03,Lavandina Ropa Blanca,4004
2024-04-08,LAV-CLA-01,Lavandina Clásica,14303
2024-04-08,LAV-FLO-02,Lavandina Floral,6942
2024-04-08,LAV-BLA-03,Lavandina Ropa Blanca,3812
2024-04-09,LAV-BLA-03,Lavandina Ropa Blanca,4555
2024-04-09,LAV-CLA-01,Lavandina Clásica,13910
2024-04-10,LAV-FLO-02,Lavandina Floral,6505
2024-04-10,LAV-BLA-03,Lavandina Ropa Blanca,4564
2024-04-11,LAV-CLA-01,Lavandina Clásica,12135
2024-04-11,LAV-FLO-02,Lavandina Floral,7475
2024-04-11,LAV-BLA-03,Lavandina Ropa Blanca,4127
2024-04-12,LAV-FLO-02,Lavandina Floral,6391
2024-04-13,LAV-BLA-03,Lavandina Ropa Blanca,3803
2024-04-14,LAV-FLO-02,Lavandina Floral,6094
2024-04-14,LAV-BLA-03,Lavandina Ropa Blanca,3821
2024-04-15,LAV-CLA-01,Lavandina Clásica,14749
2024-04-15,LAV-FLO-02,Lavandina Floral,4730
2024-04-15,LAV-BLA-03,Lavandina Ropa Blanca,4258
2024-04-16,LAV-BLA-03,Lavandina Ropa Blanca,5377
2024-04-16,LAV-FLO-02,Lavandina Floral,5744
2024-04-16,LAV-CLA-01,Lavandina Clásica,14819
2024-04-17,LAV-CLA-01,Lavandina Clásica,11654
2024-04-17,LAV-FLO-02,Lavandina Floral,7816
2024-04-17,LAV-BLA-03,Lavandina Ropa Blanca,3838
2024-04-20,LAV-CLA-01,Lavandina Clásica,11995
2024-04-20,LAV-FLO-02,Lavandina Floral,7921
2024-04-21,LAV-CLA-01,Lavandina Clásica,10491
2024-04-21,LAV-FLO-02,Lavandina Floral,6120
2024-04-21,LAV-BLA-03,Lavandina Ropa Blanca,3497
2024-04-22,LAV-CLA-01,Lavandina Clásica,17433
2024-04-22,LAV-BLA-03,Lavandina Ropa Blanca,3637
2024-04-23,LAV-FLO-02,Lavandina Floral,7519
2024-04-23,LAV-BLA-03,Lavandina Ropa Blanca,5552
2024-04-25,LAV-BLA-03,Lavandina Ropa Blanca,4048
2024-04-25,LAV-FLO-02,Lavandina Floral,5770
2024-04-26,LAV-FLO-02,Lavandina Floral,5062
2024-04-26,LAV-BLA-03,Lavandina Ropa Blanca,4476
2024-04-26,LAV-CLA-01,Lavandina Clásica,11803
2024-04-27,LAV-BLA-03,Lavandina Ropa Blanca,3873
2024-04-28,LAV-CLA-01,Lavandina Clásica,10824
2024-04-28,LAV-FLO-02,Lavandina Floral,6461
2024-04-29,LAV-FLO-02,Lavandina Floral,6863
2024-04-29,LAV-BLA-03,Lavandina Ropa Blanca,5106
2024-04-30,LAV-FLO-02,Lavandina Floral,4844
2024-04-30,LAV-BLA-03,Lavandina Ropa Blanca,3576
2024-05-01,LAV-CLA-01,Lavandina Clásica,11497
2024-05-01,LAV-FLO-02,Lavandina Floral,6522
2024-05-01,LAV-BLA-03,Lavandina Ropa Blanca,6312
2024-05-02,LAV-CLA-01,Lavandina Clásica,11471
2024-05-02,LAV-BLA-03,Lavandina Ropa Blanca,2815
2024-05-03,LAV-BLA-03,Lavandina Ropa Blanca,4546
2024-05-03,LAV-FLO-02,Lavandina Floral,7265
2024-05-03,LAV-CLA-01,Lavandina Clásica,13560
2024-05-04,LAV-CLA-01,Lavandina Clásica,13639
2024-05-04,LAV-FLO-02,Lavandina Floral,7187
2024-05-04,LAV-BLA-03,Lavandina Ropa Blanca,3646
2024-05-05,LAV-CLA-01,Lavandina Clásica,13595
2024-05-05,LAV-FLO-02,Lavandina Floral,5901
2024-05-05,LAV-BLA-03,Lavandina Ropa Blanca,3488
2024-05-06,LAV-FLO-02,Lavandina Floral,6321
2024-05-07,LAV-FLO-02,Lavandina Floral,7633
2024-05-07,LAV-BLA-03,Lavandina Ropa Blanca,3051
2024-05-08,LAV-CLA-01,Lavandina Clásica,14155
2024-05-08,LAV-FLO-02,Lavandina Floral,5971
2024-05-08,LAV-BLA-03,Lavandina Ropa Blanca,4380
2024-05-09,LAV-BLA-03,Lavandina Ropa Blanca,3821
2024-05-09,LAV-FLO-02,Lavandina Floral,6583
2024-05-09,LAV-CLA-01,Lavandina Clásica,12389
2024-05-10,LAV-FLO-02,Lavandina Floral,6496
2024-05-11,LAV-CLA-01,Lavandina Clásica,15090
2024-05-11,LAV-BLA-03,Lavandina Ropa Blanca,2911
2024-05-12,LAV-CLA-01,Lavandina Clásica,13359
2024-05-13,LAV-FLO-02,Lavandina Floral,5735
2024-05-13,LAV-BLA-03,Lavandina Ropa Blanca,3724
2024-05-14,LAV-FLO-02,Lavandina Floral,8262
2024-05-14,LAV-BLA-03,Lavandina Ropa Blanca,3156
2024-05-15,LAV-CLA-01,Lavandina Clásica,12214
2024-05-15,LAV-FLO-02,Lavandina Floral,7466
2024-05-16,LAV-CLA-01,Lavandina Clásica,15335
2024-05-16,LAV-BLA-03,Lavandina Ropa Blanca,4092
2024-05-17,LAV-CLA-01,Lavandina Clásica,13910
2024-05-18,LAV-CLA-01,Lavandina Clásica,14469
2024-05-19,LAV-FLO-02,Lavandina Floral,6076
2024-05-20,LAV-CLA-01,Lavandina Clásica,13648
2024-05-20,LAV-BLA-03,Lavandina Ropa Blanca,4170
2024-05-21,LAV-CLA-01,Lavandina Clásica,13779
2024-05-21,LAV-FLO-02,Lavandina Floral,6758
2024-05-21,LAV-BLA-03,Lavandina Ropa Blanca,4354
2024-05-22,LAV-CLA-01,Lavandina Clásica,14076
2024-05-22,LAV-FLO-02,Lavandina Floral,5578
2024-05-23,LAV-CLA-01,Lavandina Clásica,16367
2024-05-23,LAV-BLA-03,Lavandina Ropa Blanca,4896
2024-05-24,LAV-FLO-02,Lavandina Floral,5604
2024-05-25,LAV-BLA-03,Lavandina Ropa Blanca,2859
2024-05-26,LAV-CLA-01,Lavandina Clásica,14181
2024-05-26,LAV-FLO-02,Lavandina Floral,5272
2024-05-27,LAV-BLA-03,Lavandina Ropa Blanca,5456
2024-05-27,LAV-CLA-01,Lavandina Clásica,12485
2024-05-28,LAV-CLA-01,Lavandina Clásica,14426
2024-05-29,LAV-CLA-01,Lavandina Clásica,12065
2024-05-30,LAV-BLA-03,Lavandina Ropa Blanca,3620
2024-05-31,LAV-CLA-01,Lavandina Clásica,11383
2024-06-01,LAV-CLA-01,Lavandina Clásica,13787
2024-06-01,LAV-FLO-02,Lavandina Floral,6356
2024-06-01,LAV-BLA-03,Lavandina Ropa Blanca,3646
2024-06-02,LAV-CLA-01,Lavandina Clásica,14461
2024-06-02,LAV-BLA-03,Lavandina Ropa Blanca,4721
2024-06-03,LAV-FLO-02,Lavandina Floral,7676
2024-06-03,LAV-BLA-03,Lavandina Ropa Blanca,4354
2024-06-04,LAV-CLA-01,Lavandina Clásica,16227
2024-06-05,LAV-BLA-03,Lavandina Ropa Blanca,4354
2024-06-06,LAV-BLA-03,Lavandina Ropa Blanca,3751
2024-06-06,LAV-FLO-02,Lavandina Floral,5211
2024-06-07,LAV-CLA-01,Lavandina Clásica,18806
2024-06-07,LAV-FLO-02,Lavandina Floral,6190
2024-06-08,LAV-CLA-01,Lavandina Clásica,12668
2024-06-08,LAV-BLA-03,Lavandina Ropa Blanca,4293
2024-06-10,LAV-CLA-01,Lavandina Clásica,13420
2024-06-10,LAV-FLO-02,Lavandina Floral,6968
2024-06-10,LAV-BLA-03,Lavandina Ropa Blanca,3165
2024-06-11,LAV-CLA-01,Lavandina Clásica,9512
2024-06-11,LAV-BLA-03,Lavandina Ropa Blanca,2885
2024-06-12,LAV-CLA-01,Lavandina Clásica,16786
2024-06-12,LAV-FLO-02,Lavandina Floral,4581
2024-06-12,LAV-BLA-03,Lavandina Ropa Blanca,3716
2024-06-13,LAV-BLA-03,Lavandina Ropa Blanca,4529
2024-06-13,LAV-FLO-02,Lavandina Floral,4975
2024-06-13,LAV-CLA-01,Lavandina Clásica,13700
2024-06-14,LAV-CLA-01,Lavandina Clásica,11147
2024-06-15,LAV-CLA-01,Lavandina Clásica,13263
2024-06-15,LAV-FLO-02,Lavandina Floral,5989
2024-06-16,LAV-CLA-01,Lavandina Clásica,14207
2024-06-16,LAV-BLA-03,Lavandina Ropa Blanca,1801
2024-06-17,LAV-BLA-03,Lavandina Ropa Blanca,4870
2024-06-18,LAV-FLO-02,Lavandina Floral,4983
2024-06-19,LAV-CLA-01,Lavandina Clásica,9320
2024-06-20,LAV-CLA-01,Lavandina Clásica,12013
2024-06-20,LAV-BLA-03,Lavandina Ropa Blanca,2885
2024-06-21,LAV-CLA-01,Lavandina Clásica,11689
2024-06-21,LAV-FLO-02,Lavandina Floral,5928
2024-06-22,LAV-BLA-03,Lavandina Ropa Blanca,4118
2024-06-22,LAV-FLO-02,Lavandina Floral,7563
2024-06-22,LAV-CLA-01,Lavandina Clásica,11855
2024-06-23,LAV-CLA-01,Lavandina Clásica,11951
2024-06-24,LAV-FLO-02,Lavandina Floral,6688
2024-06-24,LAV-BLA-03,Lavandina Ropa Blanca,4809
2024-06-25,LAV-FLO-02,Lavandina Floral,6207
2024-06-26,LAV-FLO-02,Lavandina Floral,6435
2024-06-26,LAV-BLA-03,Lavandina Ropa Blanca,4573
2024-06-27,LAV-CLA-01,Lavandina Clásica,8175
2024-06-27,LAV-FLO-02,Lavandina Floral,9372
2024-06-28,LAV-BLA-03,Lavandina Ropa Blanca,4704
2024-06-29,LAV-CLA-01,Lavandina Clásica,10378
2024-06-29,LAV-BLA-03,Lavandina Ropa Blanca,5097
2024-06-30,LAV-FLO-02,Lavandina Floral,6120
2024-06-30,LAV-BLA-03,Lavandina Ropa Blanca,4319
2024-07-01,LAV-FLO-02,Lavandina Floral,6505
2024-07-01,LAV-CLA-01,Lavandina Clásica,13350
2024-07-02,LAV-FLO-02,Lavandina Floral,5158
2024-07-02,LAV-BLA-03,Lavandina Ropa Blanca,4756
2024-07-02,LAV-CLA-01,Lavandina Clásica,14793
2024-07-03,LAV-FLO-02,Lavandina Floral,6610
2024-07-03,LAV-BLA-03,Lavandina Ropa Blanca,3558
2024-07-04,LAV-FLO-02,Lavandina Floral,7344
2024-07-04,LAV-BLA-03,Lavandina Ropa Blanca,3978
2024-07-05,LAV-CLA-01,Lavandina Clásica,13770
2024-07-05,LAV-FLO-02,Lavandina Floral,6662
2024-07-06,LAV-CLA-01,Lavandina Clásica,13840
2024-07-06,LAV-FLO-02,Lavandina Floral,7029
2024-07-06,LAV-BLA-03,Lavandina Ropa Blanca,4065
2024-07-07,LAV-CLA-01,Lavandina Clásica,12852
2024-07-08,LAV-BLA-03,Lavandina Ropa Blanca,3357
2024-07-10,LAV-FLO-02,Lavandina Floral,4030
2024-07-10,LAV-BLA-03,Lavandina Ropa Blanca,3611
2024-07-11,LAV-BLA-03,Lavandina Ropa Blanca,3812
2024-07-11,LAV-FLO-02,Lavandina Floral,8655
2024-07-13,LAV-CLA-01,Lavandina Clásica,12546
2024-07-13,LAV-FLO-02,Lavandina Floral,7746
2024-07-13,LAV-BLA-03,Lavandina Ropa Blanca,4669
2024-07-14,LAV-CLA-01,Lavandina Clásica,14181
2024-07-14,LAV-BLA-03,Lavandina Ropa Blanca,4424
2024-07-15,LAV-FLO-02,Lavandina Floral,5499
2024-07-15,LAV-BLA-03,Lavandina Ropa Blanca,3961
2024-07-17,LAV-CLA-01,Lavandina Clásica,8577
2024-07-17,LAV-FLO-02,Lavandina Floral,6706
2024-07-17,LAV-BLA-03,Lavandina Ropa Blanca,3689
2024-07-18,LAV-BLA-03,Lavandina Ropa Blanca,2859
2024-07-19,LAV-FLO-02,Lavandina Floral,5657
2024-07-19,LAV-BLA-03,Lavandina Ropa Blanca,4459
2024-07-20,LAV-BLA-03,Lavandina Ropa Blanca,4127
2024-07-20,LAV-FLO-02,Lavandina Floral,7755
2024-07-21,LAV-FLO-02,Lavandina Floral,6417
2024-07-21,LAV-BLA-03,Lavandina Ropa Blanca,4651
2024-07-22,LAV-CLA-01,Lavandina Clásica,11112
2024-07-22,LAV-FLO-02,Lavandina Floral,5595
2024-07-22,LAV-BLA-03,Lavandina Ropa Blanca,3147
2024-07-23,LAV-CLA-01,Lavandina Clásica,11130
2024-07-23,LAV-BLA-03,Lavandina Ropa Blanca,5718
2024-07-24,LAV-FLO-02,Lavandina Floral,5421
2024-07-24,LAV-BLA-03,Lavandina Ropa Blanca,3191
2024-07-25,LAV-CLA-01,Lavandina Clásica,13237
2024-07-25,LAV-FLO-02,Lavandina Floral,6094
2024-07-26,LAV-FLO-02,Lavandina Floral,4677
2024-07-26,LAV-CLA-01,Lavandina Clásica,12310
2024-07-27,LAV-BLA-03,Lavandina Ropa Blanca,5569
2024-07-27,LAV-FLO-02,Lavandina Floral,5447
2024-07-27,LAV-CLA-01,Lavandina Clásica,13149
2024-07-28,LAV-CLA-01,Lavandina Clásica,13779
2024-07-29,LAV-FLO-02,Lavandina Floral,8000
2024-07-31,LAV-FLO-02,Lavandina Floral,6540
2024-07-31,LAV-BLA-03,Lavandina Ropa Blanca,2885
2024-08-01,LAV-CLA-01,Lavandina Clásica,8402
2024-08-01,LAV-BLA-03,Lavandina Ropa Blanca,4503
2024-08-02,LAV-CLA-01,Lavandina Clásica,14041
2024-08-02,LAV-FLO-02,Lavandina Floral,8332
2024-08-02,LAV-BLA-03,Lavandina Ropa Blanca,4275
2024-08-03,LAV-CLA-01,Lavandina Clásica,11156
2024-08-03,LAV-BLA-03,Lavandina Ropa Blanca,4336
2024-08-04,LAV-BLA-03,Lavandina Ropa Blanca,5298
2024-08-04,LAV-FLO-02,Lavandina Floral,4809
2024-08-05,LAV-FLO-02,Lavandina Floral,5727
2024-08-05,LAV-CLA-01,Lavandina Clásica,10037
2024-08-06,LAV-CLA-01,Lavandina Clásica,9635
2024-08-06,LAV-FLO-02,Lavandina Floral,7563
2024-08-06,LAV-BLA-03,Lavandina Ropa Blanca,4310
2024-08-07,LAV-CLA-01,Lavandina Clásica,12992
2024-08-07,LAV-BLA-03,Lavandina Ropa Blanca,3934
2024-08-08,LAV-CLA-01,Lavandina Clásica,10343
2024-08-09,LAV-CLA-01,Lavandina Clásica,10719
2024-08-09,LAV-FLO-02,Lavandina Floral,5403
2024-08-09,LAV-BLA-03,Lavandina Ropa Blanca,2850
2024-08-10,LAV-CLA-01,Lavandina Clásica,14338
2024-08-10,LAV-FLO-02,Lavandina Floral,6321
2024-08-10,LAV-BLA-03,Lavandina Ropa Blanca,3873
2024-08-11,LAV-CLA-01,Lavandina Clásica,13560
2024-08-11,LAV-BLA-03,Lavandina Ropa Blanca,4966
2024-08-12,LAV-FLO-02,Lavandina Floral,5587
2024-08-12,LAV-CLA-01,Lavandina Clásica,11978
2024-08-13,LAV-CLA-01,Lavandina Clásica,14671
2024-08-13,LAV-BLA-03,Lavandina Ropa Blanca,4214
2024-08-14,LAV-CLA-01,Lavandina Clásica,12563
2024-08-14,LAV-FLO-02,Lavandina Floral,6260
2024-08-14,LAV-BLA-03,Lavandina Ropa Blanca,4879
2024-08-15,LAV-CLA-01,Lavandina Clásica,12607
2024-08-17,LAV-FLO-02,Lavandina Floral,4913
2024-08-17,LAV-BLA-03,Lavandina Ropa Blanca,4135
2024-08-18,LAV-FLO-02,Lavandina Floral,6802
2024-08-18,LAV-BLA-03,Lavandina Ropa Blanca,4433
2024-08-19,LAV-FLO-02,Lavandina Floral,5456
2024-08-19,LAV-BLA-03,Lavandina Ropa Blanca,4013
2024-08-20,LAV-FLO-02,Lavandina Floral,7851
2024-08-21,LAV-FLO-02,Lavandina Floral,5971
2024-08-21,LAV-CLA-01,Lavandina Clásica,11296
2024-08-22,LAV-CLA-01,Lavandina Clásica,9364
2024-08-22,LAV-FLO-02,Lavandina Floral,7248
2024-08-22,LAV-BLA-03,Lavandina Ropa Blanca,3314
2024-08-23,LAV-CLA-01,Lavandina Clásica,12144
2024-08-23,LAV-FLO-02,Lavandina Floral,5762
2024-08-23,LAV-BLA-03,Lavandina Ropa Blanca,3209
2024-08-24,LAV-CLA-01,Lavandina Clásica,14426
2024-08-24,LAV-BLA-03,Lavandina Ropa Blanca,4835
2024-08-25,LAV-CLA-01,Lavandina Clásica,11436
2024-08-25,LAV-FLO-02,Lavandina Floral,6706
2024-08-26,LAV-BLA-03,Lavandina Ropa Blanca,3357
2024-08-27,LAV-CLA-01,Lavandina Clásica,12520
2024-08-27,LAV-FLO-02,Lavandina Floral,5036
2024-08-28,LAV-BLA-03,Lavandina Ropa Blanca,2841
2024-08-28,LAV-FLO-02,Lavandina Floral,4852
2024-08-28,LAV-CLA-01,Lavandina Clásica,12502
2024-08-29,LAV-CLA-01,Lavandina Clásica,11182
2024-08-29,LAV-FLO-02,Lavandina Floral,7379
2024-08-29,LAV-BLA-03,Lavandina Ropa Blanca,4765
2024-08-30,LAV-FLO-02,Lavandina Floral,5779
2024-08-30,LAV-BLA-03,Lavandina Ropa Blanca,5377
2024-08-31,LAV-CLA-01,Lavandina Clásica,15134
2024-08-31,LAV-FLO-02,Lavandina Floral,5622
2024-08-31,LAV-BLA-03,Lavandina Ropa Blanca,4336
2024-09-01,LAV-FLO-02,Lavandina Floral,6304
2024-09-02,LAV-FLO-02,Lavandina Floral,4826
2024-09-03,LAV-BLA-03,Lavandina Ropa Blanca,2640
2024-09-04,LAV-BLA-03,Lavandina Ropa Blanca,3961
2024-09-05,LAV-BLA-03,Lavandina Ropa Blanca,2868
2024-09-05,LAV-CLA-01,Lavandina Clásica,8725
2024-09-06,LAV-CLA-01,Lavandina Clásica,11007
2024-09-06,LAV-FLO-02,Lavandina Floral,4118
2024-09-07,LAV-BLA-03,Lavandina Ropa Blanca,3550
2024-09-08,LAV-CLA-01,Lavandina Clásica,11366
2024-09-08,LAV-BLA-03,Lavandina Ropa Blanca,2737
2024-09-09,LAV-CLA-01,Lavandina Clásica,10902
2024-09-09,LAV-FLO-02,Lavandina Floral,5919
2024-09-09,LAV-BLA-03,Lavandina Ropa Blanca,3462
2024-09-10,LAV-CLA-01,Lavandina Clásica,8865
2024-09-10,LAV-FLO-02,Lavandina Floral,4057
2024-09-11,LAV-FLO-02,Lavandina Floral,6339
2024-09-11,LAV-BLA-03,Lavandina Ropa Blanca,2448
2024-09-13,LAV-FLO-02,Lavandina Floral,5438
2024-09-13,LAV-BLA-03,Lavandina Ropa Blanca,3672
2024-09-13,LAV-CLA-01,Lavandina Clásica,7327
2024-09-14,LAV-CLA-01,Lavandina Clásica,8157
2024-09-14,LAV-FLO-02,Lavandina Floral,5412
2024-09-14,LAV-BLA-03,Lavandina Ropa Blanca,3602
2024-09-15,LAV-FLO-02,Lavandina Floral,5027
2024-09-15,LAV-BLA-03,Lavandina Ropa Blanca,2737
2024-09-16,LAV-FLO-02,Lavandina Floral,5106
2024-09-16,LAV-BLA-03,Lavandina Ropa Blanca,3602
2024-09-17,LAV-CLA-01,Lavandina Clásica,6452
2024-09-17,LAV-FLO-02,Lavandina Floral,4782
2024-09-17,LAV-BLA-03,Lavandina Ropa Blanca,3349
2024-09-18,LAV-CLA-01,Lavandina Clásica,10859
2024-09-18,LAV-BLA-03,Lavandina Ropa Blanca,3008
2024-09-19,LAV-BLA-03,Lavandina Ropa Blanca,3593
2024-09-19,LAV-CLA-01,Lavandina Clásica,8096
2024-09-20,LAV-BLA-03,Lavandina Ropa Blanca,4057
2024-09-21,LAV-CLA-01,Lavandina Clásica,7160
2024-09-22,LAV-CLA-01,Lavandina Clásica,7694
2024-09-22,LAV-FLO-02,Lavandina Floral,4074
2024-09-22,LAV-BLA-03,Lavandina Ropa Blanca,1827
2024-09-23,LAV-CLA-01,Lavandina Clásica,6767
2024-09-23,LAV-FLO-02,Lavandina Floral,5866
2024-09-23,LAV-BLA-03,Lavandina Ropa Blanca,3873
2024-09-24,LAV-FLO-02,Lavandina Floral,4267
2024-09-24,LAV-BLA-03,Lavandina Ropa Blanca,2789
2024-09-25,LAV-CLA-01,Lavandina Clásica,9731
2024-09-25,LAV-FLO-02,Lavandina Floral,6339
2024-09-25,LAV-BLA-03,Lavandina Ropa Blanca,3908
2024-09-26,LAV-CLA-01,Lavandina Clásica,10666
2024-09-26,LAV-FLO-02,Lavandina Floral,4284
2024-09-27,LAV-BLA-03,Lavandina Ropa Blanca,3742
2024-09-28,LAV-BLA-03,Lavandina Ropa Blanca,2588
2024-09-28,LAV-CLA-01,Lavandina Clásica,10509
2024-09-28,LAV-FLO-02,Lavandina Floral,4380
2024-09-29,LAV-BLA-03,Lavandina Ropa Blanca,3261
2024-09-30,LAV-CLA-01,Lavandina Clásica,10343
2024-09-30,LAV-FLO-02,Lavandina Floral,4441
2024-09-30,LAV-BLA-03,Lavandina Ropa Blanca,3305
2024-10-01,LAV-CLA-01,Lavandina Clásica,11322
2024-10-01,LAV-FLO-02,Lavandina Floral,3191
2024-10-03,LAV-FLO-02,Lavandina Floral,4826
2024-10-04,LAV-CLA-01,Lavandina Clásica,6653
2024-10-04,LAV-BLA-03,Lavandina Ropa Blanca,3462
2024-10-05,LAV-BLA-03,Lavandina Ropa Blanca,4258
2024-10-05,LAV-CLA-01,Lavandina Clásica,8603
2024-10-05,LAV-FLO-02,Lavandina Floral,4695
2024-10-06,LAV-FLO-02,Lavandina Floral,5088
2024-10-06,LAV-CLA-01,Lavandina Clásica,8489
2024-10-07,LAV-CLA-01,Lavandina Clásica,9993
2024-10-09,LAV-CLA-01,Lavandina Clásica,9626
2024-10-10,LAV-CLA-01,Lavandina Clásica,11785
2024-10-10,LAV-BLA-03,Lavandina Ropa Blanca,2973
2024-10-11,LAV-BLA-03,Lavandina Ropa Blanca,3209
2024-10-12,LAV-CLA-01,Lavandina Clásica,7659
2024-10-12,LAV-BLA-03,Lavandina Ropa Blanca,3182
2024-10-13,LAV-CLA-01,Lavandina Clásica,10247
2024-10-13,LAV-BLA-03,Lavandina Ropa Blanca,3698
2024-10-14,LAV-CLA-01,Lavandina Clásica,7991
2024-10-14,LAV-BLA-03,Lavandina Ropa Blanca,3331
2024-10-15,LAV-CLA-01,Lavandina Clásica,7300
2024-10-15,LAV-FLO-02,Lavandina Floral,3445
2024-10-17,LAV-BLA-03,Lavandina Ropa Blanca,3182
2024-10-17,LAV-FLO-02,Lavandina Floral,3917
2024-10-17,LAV-CLA-01,Lavandina Clásica,11270
2024-10-18,LAV-CLA-01,Lavandina Clásica,9713
2024-10-18,LAV-FLO-02,Lavandina Floral,4424
2024-10-19,LAV-CLA-01,Lavandina Clásica,7449
2024-10-19,LAV-FLO-02,Lavandina Floral,4669
2024-10-19,LAV-BLA-03,Lavandina Ropa Blanca,2859
2024-10-20,LAV-CLA-01,Lavandina Clásica,12598
2024-10-20,LAV-FLO-02,Lavandina Floral,4162
2024-10-20,LAV-BLA-03,Lavandina Ropa Blanca,3191
2024-10-21,LAV-CLA-01,Lavandina Clásica,8419
2024-10-21,LAV-FLO-02,Lavandina Floral,4669
2024-10-23,LAV-CLA-01,Lavandina Clásica,7160
2024-10-23,LAV-FLO-02,Lavandina Floral,4791
2024-10-23,LAV-BLA-03,Lavandina Ropa Blanca,2920
2024-10-24,LAV-BLA-03,Lavandina Ropa Blanca,2684
2024-10-24,LAV-CLA-01,Lavandina Clásica,10247
2024-10-24,LAV-FLO-02,Lavandina Floral,4669
2024-10-25,LAV-CLA-01,Lavandina Clásica,7904
2024-10-25,LAV-FLO-02,Lavandina Floral,4712
2024-10-25,LAV-BLA-03,Lavandina Ropa Blanca,3969
2024-10-26,LAV-CLA-01,Lavandina Clásica,8542
2024-10-26,LAV-BLA-03,Lavandina Ropa Blanca,3724
2024-10-27,LAV-CLA-01,Lavandina Clásica,8384
2024-10-27,LAV-FLO-02,Lavandina Floral,4363
2024-10-27,LAV-BLA-03,Lavandina Ropa Blanca,3952
2024-10-28,LAV-CLA-01,Lavandina Clásica,10203
2024-10-28,LAV-FLO-02,Lavandina Floral,4048
2024-10-29,LAV-FLO-02,Lavandina Floral,5097
2024-10-29,LAV-CLA-01,Lavandina Clásica,9023
2024-10-30,LAV-BLA-03,Lavandina Ropa Blanca,2544
2024-10-31,LAV-CLA-01,Lavandina Clásica,10107
2024-10-31,LAV-FLO-02,Lavandina Floral,4739
2024-10-31,LAV-BLA-03,Lavandina Ropa Blanca,4030
2024-11-01,LAV-CLA-01,Lavandina Clásica,7764
2024-11-01,LAV-FLO-02,Lavandina Floral,5053
2024-11-01,LAV-BLA-03,Lavandina Ropa Blanca,3891
2024-11-02,LAV-CLA-01,Lavandina Clásica,13516
2024-11-02,LAV-FLO-02,Lavandina Floral,4870
2024-11-03,LAV-CLA-01,Lavandina Clásica,8883
2024-11-03,LAV-FLO-02,Lavandina Floral,6137
2024-11-04,LAV-FLO-02,Lavandina Floral,3051
2024-11-04,LAV-BLA-03,Lavandina Ropa Blanca,2763
2024-11-04,LAV-CLA-01,Lavandina Clásica,9993
2024-11-05,LAV-BLA-03,Lavandina Ropa Blanca,2990
2024-11-05,LAV-CLA-01,Lavandina Clásica,7869
2024-11-05,LAV-FLO-02,Lavandina Floral,4319
2024-11-06,LAV-BLA-03,Lavandina Ropa Blanca,2911
2024-11-07,LAV-CLA-01,Lavandina Clásica,11357
2024-11-07,LAV-BLA-03,Lavandina Ropa Blanca,4100
2024-11-08,LAV-CLA-01,Lavandina Clásica,9495
2024-11-08,LAV-BLA-03,Lavandina Ropa Blanca,3226
2024-11-09,LAV-FLO-02,Lavandina Floral,4398
2024-11-09,LAV-BLA-03,Lavandina Ropa Blanca,3471
2024-11-10,LAV-FLO-02,Lavandina Floral,4817
2024-11-12,LAV-CLA-01,Lavandina Clásica,12494
2024-11-12,LAV-FLO-02,Lavandina Floral,4992
2024-11-12,LAV-BLA-03,Lavandina Ropa Blanca,3453
2024-11-13,LAV-FLO-02,Lavandina Floral,4529
2024-11-13,LAV-BLA-03,Lavandina Ropa Blanca,3060
2024-11-13,LAV-CLA-01,Lavandina Clásica,10081
2024-11-14,LAV-CLA-01,Lavandina Clásica,7904
2024-11-14,LAV-FLO-02,Lavandina Floral,3008
2024-11-14,LAV-BLA-03,Lavandina Ropa Blanca,3681
2024-11-15,LAV-FLO-02,Lavandina Floral,4546
2024-11-15,LAV-BLA-03,Lavandina Ropa Blanca,3410
2024-11-16,LAV-FLO-02,Lavandina Floral,5298
2024-11-17,LAV-CLA-01,Lavandina Clásica,10404
2024-11-17,LAV-FLO-02,Lavandina Floral,5412
2024-11-18,LAV-CLA-01,Lavandina Clásica,8612
2024-11-18,LAV-BLA-03,Lavandina Ropa Blanca,2570
2024-11-19,LAV-BLA-03,Lavandina Ropa Blanca,3200
2024-11-20,LAV-BLA-03,Lavandina Ropa Blanca,2474
2024-11-20,LAV-FLO-02,Lavandina Floral,3891
2024-11-21,LAV-BLA-03,Lavandina Ropa Blanca,3707
2024-11-21,LAV-FLO-02,Lavandina Floral,5053
2024-11-22,LAV-CLA-01,Lavandina Clásica,10596
2024-11-22,LAV-BLA-03,Lavandina Ropa Blanca,2737
2024-11-23,LAV-CLA-01,Lavandina Clásica,9547
2024-11-23,LAV-BLA-03,Lavandina Ropa Blanca,3873
2024-11-24,LAV-CLA-01,Lavandina Clásica,9853
2024-11-24,LAV-FLO-02,Lavandina Floral,5219
2024-11-24,LAV-BLA-03,Lavandina Ropa Blanca,3558
2024-11-25,LAV-CLA-01,Lavandina Clásica,13665
2024-11-25,LAV-BLA-03,Lavandina Ropa Blanca,3462
2024-11-26,LAV-CLA-01,Lavandina Clásica,11602
2024-11-26,LAV-FLO-02,Lavandina Floral,5989
2024-11-26,LAV-BLA-03,Lavandina Ropa Blanca,3969
2024-11-27,LAV-CLA-01,Lavandina Clásica,9556
2024-11-28,LAV-BLA-03,Lavandina Ropa Blanca,3488
2024-11-28,LAV-CLA-01,Lavandina Clásica,6916
2024-11-28,LAV-FLO-02,Lavandina Floral,4817
2024-11-29,LAV-CLA-01,Lavandina Clásica,8454
2024-11-30,LAV-CLA-01,Lavandina Clásica,9748
2024-12-01,LAV-FLO-02,Lavandina Floral,4546
2024-12-02,LAV-CLA-01,Lavandina Clásica,6181
2024-12-03,LAV-CLA-01,Lavandina Clásica,8953
2024-12-03,LAV-FLO-02,Lavandina Floral,4127
2024-12-03,LAV-BLA-03,Lavandina Ropa Blanca,1958
2024-12-04,LAV-CLA-01,Lavandina Clásica,9617
2024-12-05,LAV-BLA-03,Lavandina Ropa Blanca,4336
2024-12-05,LAV-CLA-01,Lavandina Clásica,8935
2024-12-05,LAV-FLO-02,Lavandina Floral,4092
2024-12-06,LAV-CLA-01,Lavandina Clásica,9346
2024-12-07,LAV-BLA-03,Lavandina Ropa Blanca,3025
2024-12-07,LAV-FLO-02,Lavandina Floral,5368
2024-12-08,LAV-CLA-01,Lavandina Clásica,10885
2024-12-08,LAV-FLO-02,Lavandina Floral,4293
2024-12-08,LAV-BLA-03,Lavandina Ropa Blanca,3235
2024-12-09,LAV-CLA-01,Lavandina Clásica,8472
2024-12-10,LAV-CLA-01,Lavandina Clásica,8043
2024-12-10,LAV-FLO-02,Lavandina Floral,4476
2024-12-10,LAV-BLA-03,Lavandina Ropa Blanca,3462
2024-12-11,LAV-CLA-01,Lavandina Clásica,9171
2024-12-11,LAV-FLO-02,Lavandina Floral,5639
2024-12-12,LAV-CLA-01,Lavandina Clásica,6706
2024-12-12,LAV-FLO-02,Lavandina Floral,5464
2024-12-12,LAV-BLA-03,Lavandina Ropa Blanca,3322
2024-12-13,LAV-FLO-02,Lavandina Floral,4765
2024-12-14,LAV-FLO-02,Lavandina Floral,4127
2024-12-15,LAV-CLA-01,Lavandina Clásica,8577
2024-12-15,LAV-BLA-03,Lavandina Ropa Blanca,3200
2024-12-16,LAV-FLO-02,Lavandina Floral,5482
2024-12-16,LAV-BLA-03,Lavandina Ropa Blanca,3410
2024-12-17,LAV-CLA-01,Lavandina Clásica,7563
2024-12-17,LAV-BLA-03,Lavandina Ropa Blanca,3724
2024-12-18,LAV-CLA-01,Lavandina Clásica,10273
2024-12-18,LAV-FLO-02,Lavandina Floral,5097
2024-12-18,LAV-BLA-03,Lavandina Ropa Blanca,2002
2024-12-19,LAV-CLA-01,Lavandina Clásica,8349
2024-12-19,LAV-BLA-03,Lavandina Ropa Blanca,3794
2024-12-20,LAV-BLA-03,Lavandina Ropa Blanca,3856
2024-12-21,LAV-FLO-02,Lavandina Floral,3961
2024-12-22,LAV-BLA-03,Lavandina Ropa Blanca,3008
2024-12-22,LAV-FLO-02,Lavandina Floral,4275
2024-12-22,LAV-CLA-01,Lavandina Clásica,8760
2024-12-23,LAV-FLO-02,Lavandina Floral,3436
2024-12-24,LAV-CLA-01,Lavandina Clásica,11444
2024-12-24,LAV-FLO-02,Lavandina Floral,4083
2024-12-24,LAV-BLA-03,Lavandina Ropa Blanca,3410
2024-12-25,LAV-FLO-02,Lavandina Floral,4634
2024-12-27,LAV-FLO-02,Lavandina Floral,5036
2024-12-27,LAV-BLA-03,Lavandina Ropa Blanca,3497
2024-12-28,LAV-FLO-02,Lavandina Floral,4485
2024-12-29,LAV-CLA-01,Lavandina Clásica,11287
2024-12-29,LAV-FLO-02,Lavandina Floral,5010
2024-12-30,LAV-CLA-01,Lavandina Clásica,7012
2024-12-30,LAV-BLA-03,Lavandina Ropa Blanca,2203
2024-12-31,LAV-BLA-03,Lavandina Ropa Blanca,3305
2024-12-31,LAV-FLO-02,Lavandina Floral,5954
2025-01-01,LAV-CLA-01,Lavandina Clásica,8926
2025-01-02,LAV-BLA-03,Lavandina Ropa Blanca,2981
2025-01-03,LAV-CLA-01,Lavandina Clásica,12590
2025-01-03,LAV-BLA-03,Lavandina Ropa Blanca,2291
2025-01-04,LAV-CLA-01,Lavandina Clásica,6269
2025-01-04,LAV-FLO-02,Lavandina Floral,5167
2025-01-04,LAV-BLA-03,Lavandina Ropa Blanca,4406
2025-01-05,LAV-CLA-01,Lavandina Clásica,14391
2025-01-06,LAV-FLO-02,Lavandina Floral,4039
2025-01-06,LAV-BLA-03,Lavandina Ropa Blanca,3786
2025-01-07,LAV-CLA-01,Lavandina Clásica,11331
2025-01-07,LAV-FLO-02,Lavandina Floral,7021
2025-01-08,LAV-BLA-03,Lavandina Ropa Blanca,3366
2025-01-08,LAV-CLA-01,Lavandina Clásica,11339
2025-01-09,LAV-BLA-03,Lavandina Ropa Blanca,3794
2025-01-09,LAV-FLO-02,Lavandina Floral,4363
2025-01-09,LAV-CLA-01,Lavandina Clásica,10623
2025-01-11,LAV-CLA-01,Lavandina Clásica,12747
2025-01-11,LAV-BLA-03,Lavandina Ropa Blanca,5578
2025-01-12,LAV-CLA-01,Lavandina Clásica,10360
2025-01-12,LAV-FLO-02,Lavandina Floral,6505
2025-01-12,LAV-BLA-03,Lavandina Ropa Blanca,3366
2025-01-13,LAV-CLA-01,Lavandina Clásica,12957
2025-01-13,LAV-FLO-02,Lavandina Floral,5237
2025-01-14,LAV-CLA-01,Lavandina Clásica,11917
2025-01-14,LAV-FLO-02,Lavandina Floral,2763
2025-01-14,LAV-BLA-03,Lavandina Ropa Blanca,3593
2025-01-15,LAV-CLA-01,Lavandina Clásica,10150
2025-01-15,LAV-FLO-02,Lavandina Floral,4721
2025-01-16,LAV-FLO-02,Lavandina Floral,5788
2025-01-17,LAV-FLO-02,Lavandina Floral,6277
2025-01-18,LAV-FLO-02,Lavandina Floral,5884
2025-01-18,LAV-BLA-03,Lavandina Ropa Blanca,3139
2025-01-19,LAV-CLA-01,Lavandina Clásica,11628
2025-01-19,LAV-FLO-02,Lavandina Floral,6505
2025-01-19,LAV-BLA-03,Lavandina Ropa Blanca,4118
2025-01-20,LAV-CLA-01,Lavandina Clásica,10806
2025-01-20,LAV-BLA-03,Lavandina Ropa Blanca,2973
2025-01-21,LAV-CLA-01,Lavandina Clásica,10500
2025-01-21,LAV-BLA-03,Lavandina Ropa Blanca,3217
2025-01-22,LAV-CLA-01,Lavandina Clásica,7423
2025-01-22,LAV-BLA-03,Lavandina Ropa Blanca,3768
2025-01-23,LAV-CLA-01,Lavandina Clásica,10526
2025-01-23,LAV-BLA-03,Lavandina Ropa Blanca,3663
2025-01-25,LAV-FLO-02,Lavandina Floral,6059
2025-01-25,LAV-CLA-01,Lavandina Clásica,10570
2025-01-26,LAV-CLA-01,Lavandina Clásica,12004
2025-01-26,LAV-FLO-02,Lavandina Floral,4301
2025-01-26,LAV-BLA-03,Lavandina Ropa Blanca,4590
2025-01-27,LAV-FLO-02,Lavandina Floral,4240
2025-01-27,LAV-BLA-03,Lavandina Ropa Blanca,5193
2025-01-28,LAV-CLA-01,Lavandina Clásica,8516
2025-01-28,LAV-BLA-03,Lavandina Ropa Blanca,4197
2025-01-29,LAV-CLA-01,Lavandina Clásica,9084
2025-01-29,LAV-FLO-02,Lavandina Floral,6382
2025-01-30,LAV-CLA-01,Lavandina Clásica,15842
2025-01-30,LAV-BLA-03,Lavandina Ropa Blanca,3104
2025-01-31,LAV-BLA-03,Lavandina Ropa Blanca,3156
2025-01-31,LAV-CLA-01,Lavandina Clásica,10107
2025-02-01,LAV-FLO-02,Lavandina Floral,5438
2025-02-02,LAV-CLA-01,Lavandina Clásica,9294
2025-02-03,LAV-FLO-02,Lavandina Floral,6443
2025-02-04,LAV-CLA-01,Lavandina Clásica,10561
2025-02-04,LAV-FLO-02,Lavandina Floral,6277
2025-02-05,LAV-CLA-01,Lavandina Clásica,11331
2025-02-05,LAV-FLO-02,Lavandina Floral,4896
2025-02-06,LAV-CLA-01,Lavandina Clásica,11803
2025-02-06,LAV-FLO-02,Lavandina Floral,4677
2025-02-06,LAV-BLA-03,Lavandina Ropa Blanca,2850
2025-02-07,LAV-FLO-02,Lavandina Floral,6382
2025-02-07,LAV-BLA-03,Lavandina Ropa Blanca,3506
2025-02-08,LAV-CLA-01,Lavandina Clásica,10028
2025-02-08,LAV-FLO-02,Lavandina Floral,4118
2025-02-10,LAV-FLO-02,Lavandina Floral,5718
2025-02-10,LAV-CLA-01,Lavandina Clásica,6688
2025-02-11,LAV-BLA-03,Lavandina Ropa Blanca,3873
2025-02-11,LAV-CLA-01,Lavandina Clásica,11401
2025-02-11,LAV-FLO-02,Lavandina Floral,5176
2025-02-12,LAV-CLA-01,Lavandina Clásica,9503
2025-02-12,LAV-FLO-02,Lavandina Floral,5045
2025-02-12,LAV-BLA-03,Lavandina Ropa Blanca,4389
2025-02-13,LAV-FLO-02,Lavandina Floral,4179
2025-02-14,LAV-CLA-01,Lavandina Clásica,9259
2025-02-15,LAV-CLA-01,Lavandina Clásica,8288
2025-02-15,LAV-BLA-03,Lavandina Ropa Blanca,3445
2025-02-16,LAV-CLA-01,Lavandina Clásica,9058
2025-02-16,LAV-FLO-02,Lavandina Floral,7606
2025-02-17,LAV-CLA-01,Lavandina Clásica,12275
2025-02-17,LAV-FLO-02,Lavandina Floral,7248
2025-02-18,LAV-CLA-01,Lavandina Clásica,11235
2025-02-18,LAV-FLO-02,Lavandina Floral,5814
2025-02-19,LAV-BLA-03,Lavandina Ropa Blanca,3357
2025-02-19,LAV-FLO-02,Lavandina Floral,5438
2025-02-20,LAV-BLA-03,Lavandina Ropa Blanca,3191
2025-02-21,LAV-CLA-01,Lavandina Clásica,8603
2025-02-22,LAV-CLA-01,Lavandina Clásica,8192
2025-02-22,LAV-FLO-02,Lavandina Floral,5578
2025-02-22,LAV-BLA-03,Lavandina Ropa Blanca,3786
2025-02-23,LAV-CLA-01,Lavandina Clásica,7947
2025-02-24,LAV-FLO-02,Lavandina Floral,4669
2025-02-24,LAV-BLA-03,Lavandina Ropa Blanca,3104
2025-02-25,LAV-CLA-01,Lavandina Clásica,10771
2025-02-25,LAV-FLO-02,Lavandina Floral,5910
2025-02-27,LAV-FLO-02,Lavandina Floral,5464
2025-02-27,LAV-BLA-03,Lavandina Ropa Blanca,2798
2025-02-28,LAV-FLO-02,Lavandina Floral,6854
2025-02-28,LAV-CLA-01,Lavandina Clásica,11296
2025-03-01,LAV-FLO-02,Lavandina Floral,6006
2025-03-02,LAV-CLA-01,Lavandina Clásica,15265
2025-03-03,LAV-FLO-02,Lavandina Floral,7982
2025-03-03,LAV-BLA-03,Lavandina Ropa Blanca,3261
2025-03-04,LAV-CLA-01,Lavandina Clásica,14915
2025-03-04,LAV-FLO-02,Lavandina Floral,7003
2025-03-04,LAV-BLA-03,Lavandina Ropa Blanca,4468
2025-03-05,LAV-CLA-01,Lavandina Clásica,9136
2025-03-06,LAV-CLA-01,Lavandina Clásica,18176
2025-03-07,LAV-CLA-01,Lavandina Clásica,13429
2025-03-07,LAV-FLO-02,Lavandina Floral,7939
2025-03-08,LAV-BLA-03,Lavandina Ropa Blanca,5132
2025-03-08,LAV-CLA-01,Lavandina Clásica,14583
2025-03-09,LAV-CLA-01,Lavandina Clásica,14924
2025-03-09,LAV-FLO-02,Lavandina Floral,6435
2025-03-10,LAV-CLA-01,Lavandina Clásica,14531
2025-03-10,LAV-FLO-02,Lavandina Floral,7921
2025-03-10,LAV-BLA-03,Lavandina Ropa Blanca,4730
2025-03-11,LAV-CLA-01,Lavandina Clásica,11471
2025-03-11,LAV-BLA-03,Lavandina Ropa Blanca,3899
2025-03-12,LAV-CLA-01,Lavandina Clásica,15606
2025-03-12,LAV-FLO-02,Lavandina Floral,6854
2025-03-13,LAV-FLO-02,Lavandina Floral,7222
2025-03-14,LAV-FLO-02,Lavandina Floral,5919
2025-03-14,LAV-CLA-01,Lavandina Clásica,12791
2025-03-14,LAV-BLA-03,Lavandina Ropa Blanca,4669
2025-03-15,LAV-FLO-02,Lavandina Floral,6181
2025-03-15,LAV-BLA-03,Lavandina Ropa Blanca,4468
2025-03-16,LAV-FLO-02,Lavandina Floral,6452
2025-03-16,LAV-BLA-03,Lavandina Ropa Blanca,3515
2025-03-17,LAV-CLA-01,Lavandina Clásica,10605
2025-03-17,LAV-FLO-02,Lavandina Floral,7353
2025-03-18,LAV-BLA-03,Lavandina Ropa Blanca,6146
2025-03-18,LAV-CLA-01,Lavandina Clásica,15895
2025-03-19,LAV-BLA-03,Lavandina Ropa Blanca,3611
2025-03-20,LAV-FLO-02,Lavandina Floral,6741
2025-03-20,LAV-BLA-03,Lavandina Ropa Blanca,5473
2025-03-21,LAV-CLA-01,Lavandina Clásica,19243
2025-03-21,LAV-FLO-02,Lavandina Floral,5342
2025-03-21,LAV-BLA-03,Lavandina Ropa Blanca,3943
2025-03-22,LAV-CLA-01,Lavandina Clásica,11261
2025-03-22,LAV-FLO-02,Lavandina Floral,7003
2025-03-22,LAV-BLA-03,Lavandina Ropa Blanca,5709
2025-03-23,LAV-CLA-01,Lavandina Clásica,10964
2025-03-23,LAV-FLO-02,Lavandina Floral,7213
2025-03-24,LAV-FLO-02,Lavandina Floral,4092
2025-03-24,LAV-BLA-03,Lavandina Ropa Blanca,5010
2025-03-25,LAV-BLA-03,Lavandina Ropa Blanca,3104
2025-03-25,LAV-CLA-01,Lavandina Clásica,17451
2025-03-25,LAV-FLO-02,Lavandina Floral,5936
2025-03-26,LAV-CLA-01,Lavandina Clásica,15239
2025-03-27,LAV-CLA-01,Lavandina Clásica,12835
2025-03-27,LAV-FLO-02,Lavandina Floral,7274
2025-03-29,LAV-FLO-02,Lavandina Floral,8699
2025-03-29,LAV-BLA-03,Lavandina Ropa Blanca,5604
2025-03-30,LAV-CLA-01,Lavandina Clásica,11908
2025-03-30,LAV-FLO-02,Lavandina Floral,5788
2025-03-30,LAV-BLA-03,Lavandina Ropa Blanca,4371
2025-03-31,LAV-BLA-03,Lavandina Ropa Blanca,3156
2025-03-31,LAV-CLA-01,Lavandina Clásica,11733
2025-03-31,LAV-FLO-02,Lavandina Floral,8996
2025-04-01,LAV-BLA-03,Lavandina Ropa Blanca,5324
2025-04-01,LAV-FLO-02,Lavandina Floral,6234
2025-04-02,LAV-CLA-01,Lavandina Clásica,16043
2025-04-02,LAV-BLA-03,Lavandina Ropa Blanca,3366
2025-04-03,LAV-CLA-01,Lavandina Clásica,14548
2025-04-03,LAV-FLO-02,Lavandina Floral,6076
2025-04-04,LAV-CLA-01,Lavandina Clásica,15763
2025-04-04,LAV-FLO-02,Lavandina Floral,8297
2025-04-04,LAV-BLA-03,Lavandina Ropa Blanca,5045
2025-04-05,LAV-CLA-01,Lavandina Clásica,15667
2025-04-05,LAV-FLO-02,Lavandina Floral,8236
2025-04-06,LAV-BLA-03,Lavandina Ropa Blanca,4214
2025-04-07,LAV-CLA-01,Lavandina Clásica,17014
2025-04-07,LAV-FLO-02,Lavandina Floral,8358
2025-04-07,LAV-BLA-03,Lavandina Ropa Blanca,2509
2025-04-08,LAV-BLA-03,Lavandina Ropa Blanca,4529
2025-04-08,LAV-FLO-02,Lavandina Floral,7143
2025-04-09,LAV-CLA-01,Lavandina Clásica,14295
2025-04-09,LAV-BLA-03,Lavandina Ropa Blanca,4765
2025-04-10,LAV-FLO-02,Lavandina Floral,7781
2025-04-10,LAV-BLA-03,Lavandina Ropa Blanca,5307
2025-04-11,LAV-FLO-02,Lavandina Floral,7283
2025-04-11,LAV-BLA-03,Lavandina Ropa Blanca,4590
2025-04-12,LAV-CLA-01,Lavandina Clásica,15116
2025-04-12,LAV-FLO-02,Lavandina Floral,6033
2025-04-12,LAV-BLA-03,Lavandina Ropa Blanca,4546
2025-04-14,LAV-CLA-01,Lavandina Clásica,17031
2025-04-14,LAV-BLA-03,Lavandina Ropa Blanca,5412
2025-04-15,LAV-CLA-01,Lavandina Clásica,14636
2025-04-16,LAV-FLO-02,Lavandina Floral,6461
2025-04-17,LAV-FLO-02,Lavandina Floral,7047
2025-04-17,LAV-CLA-01,Lavandina Clásica,12817
2025-04-18,LAV-CLA-01,Lavandina Clásica,11777
2025-04-19,LAV-CLA-01,Lavandina Clásica,17451
2025-04-19,LAV-FLO-02,Lavandina Floral,8585
2025-04-20,LAV-CLA-01,Lavandina Clásica,17967
2025-04-20,LAV-FLO-02,Lavandina Floral,6872
2025-04-21,LAV-CLA-01,Lavandina Clásica,13193
2025-04-21,LAV-FLO-02,Lavandina Floral,7265
2025-04-22,LAV-CLA-01,Lavandina Clásica,12633
2025-04-22,LAV-BLA-03,Lavandina Ropa Blanca,5674
2025-04-23,LAV-CLA-01,Lavandina Clásica,16970
2025-04-24,LAV-BLA-03,Lavandina Ropa Blanca,3926
2025-04-25,LAV-CLA-01,Lavandina Clásica,12048
2025-04-25,LAV-FLO-02,Lavandina Floral,6356
2025-04-26,LAV-CLA-01,Lavandina Clásica,14898
2025-04-27,LAV-CLA-01,Lavandina Clásica,18080
2025-04-28,LAV-CLA-01,Lavandina Clásica,17477
2025-04-28,LAV-BLA-03,Lavandina Ropa Blanca,5604
2025-04-29,LAV-BLA-03,Lavandina Ropa Blanca,6304
2025-04-30,LAV-CLA-01,Lavandina Clásica,15798
2025-04-30,LAV-BLA-03,Lavandina Ropa Blanca,5141
2025-05-01,LAV-CLA-01,Lavandina Clásica,12380
2025-05-01,LAV-BLA-03,Lavandina Ropa Blanca,6452
2025-05-02,LAV-FLO-02,Lavandina Floral,7090
2025-05-02,LAV-BLA-03,Lavandina Ropa Blanca,5298
2025-05-03,LAV-FLO-02,Lavandina Floral,7204
2025-05-04,LAV-CLA-01,Lavandina Clásica,14050
2025-05-04,LAV-FLO-02,Lavandina Floral,5298
2025-05-04,LAV-BLA-03,Lavandina Ropa Blanca,4389
2025-05-05,LAV-BLA-03,Lavandina Ropa Blanca,5595
2025-05-05,LAV-FLO-02,Lavandina Floral,7125
2025-05-05,LAV-CLA-01,Lavandina Clásica,14504
2025-05-06,LAV-BLA-03,Lavandina Ropa Blanca,3873
2025-05-07,LAV-CLA-01,Lavandina Clásica,12782
2025-05-08,LAV-CLA-01,Lavandina Clásica,12371
2025-05-08,LAV-FLO-02,Lavandina Floral,9171
2025-05-09,LAV-CLA-01,Lavandina Clásica,16874
2025-05-09,LAV-FLO-02,Lavandina Floral,7825
2025-05-09,LAV-BLA-03,Lavandina Ropa Blanca,5272
2025-05-10,LAV-CLA-01,Lavandina Clásica,15632
2025-05-10,LAV-FLO-02,Lavandina Floral,5735
2025-05-10,LAV-BLA-03,Lavandina Ropa Blanca,4074
2025-05-11,LAV-FLO-02,Lavandina Floral,7274
2025-05-11,LAV-BLA-03,Lavandina Ropa Blanca,3165
2025-05-12,LAV-BLA-03,Lavandina Ropa Blanca,4590
2025-05-12,LAV-FLO-02,Lavandina Floral,7580
2025-05-13,LAV-CLA-01,Lavandina Clásica,17975
2025-05-13,LAV-BLA-03,Lavandina Ropa Blanca,3252
2025-05-14,LAV-CLA-01,Lavandina Clásica,9556
2025-05-14,LAV-FLO-02,Lavandina Floral,6653
2025-05-15,LAV-FLO-02,Lavandina Floral,5097
2025-05-16,LAV-CLA-01,Lavandina Clásica,13280
2025-05-16,LAV-FLO-02,Lavandina Floral,8970
2025-05-18,LAV-FLO-02,Lavandina Floral,7396
2025-05-18,LAV-BLA-03,Lavandina Ropa Blanca,4975
2025-05-20,LAV-FLO-02,Lavandina Floral,4642
2025-05-21,LAV-FLO-02,Lavandina Floral,7886
2025-05-21,LAV-CLA-01,Lavandina Clásica,15755
2025-05-21,LAV-BLA-03,Lavandina Ropa Blanca,4573
2025-05-22,LAV-BLA-03,Lavandina Ropa Blanca,4590
2025-05-23,LAV-FLO-02,Lavandina Floral,7676
2025-05-23,LAV-BLA-03,Lavandina Ropa Blanca,4511
2025-05-23,LAV-CLA-01,Lavandina Clásica,12415
2025-05-24,LAV-CLA-01,Lavandina Clásica,15475
2025-05-24,LAV-FLO-02,Lavandina Floral,7956
2025-05-24,LAV-BLA-03,Lavandina Ropa Blanca,5272
2025-05-25,LAV-FLO-02,Lavandina Floral,6111
2025-05-27,LAV-CLA-01,Lavandina Clásica,14732
2025-05-28,LAV-BLA-03,Lavandina Ropa Blanca,6505
2025-05-30,LAV-FLO-02,Lavandina Floral,5517
2025-06-01,LAV-CLA-01,Lavandina Clásica,15912
2025-06-01,LAV-FLO-02,Lavandina Floral,4704
2025-06-01,LAV-BLA-03,Lavandina Ropa Blanca,6181
2025-06-02,LAV-CLA-01,Lavandina Clásica,17084
2025-06-02,LAV-BLA-03,Lavandina Ropa Blanca,5840
2025-06-03,LAV-FLO-02,Lavandina Floral,8341
2025-06-03,LAV-CLA-01,Lavandina Clásica,15256
2025-06-04,LAV-CLA-01,Lavandina Clásica,13656
2025-06-04,LAV-BLA-03,Lavandina Ropa Blanca,4057
2025-06-05,LAV-BLA-03,Lavandina Ropa Blanca,4852
2025-06-06,LAV-CLA-01,Lavandina Clásica,10972
2025-06-06,LAV-BLA-03,Lavandina Ropa Blanca,4774
2025-06-07,LAV-CLA-01,Lavandina Clásica,12625
2025-06-07,LAV-FLO-02,Lavandina Floral,5910
2025-06-08,LAV-CLA-01,Lavandina Clásica,16498
2025-06-08,LAV-FLO-02,Lavandina Floral,7676
2025-06-08,LAV-BLA-03,Lavandina Ropa Blanca,5193
2025-06-09,LAV-CLA-01,Lavandina Clásica,17119
2025-06-09,LAV-FLO-02,Lavandina Floral,6470
2025-06-10,LAV-CLA-01,Lavandina Clásica,14251
2025-06-11,LAV-BLA-03,Lavandina Ropa Blanca,5727
2025-06-11,LAV-FLO-02,Lavandina Floral,6889
2025-06-11,LAV-CLA-01,Lavandina Clásica,16935
2025-06-12,LAV-CLA-01,Lavandina Clásica,14924
2025-06-13,LAV-CLA-01,Lavandina Clásica,13114
2025-06-13,LAV-FLO-02,Lavandina Floral,5928
2025-06-15,LAV-CLA-01,Lavandina Clásica,12808
2025-06-15,LAV-FLO-02,Lavandina Floral,8787
2025-06-16,LAV-FLO-02,Lavandina Floral,8402
2025-06-16,LAV-BLA-03,Lavandina Ropa Blanca,5071
2025-06-17,LAV-FLO-02,Lavandina Floral,9058
2025-06-17,LAV-BLA-03,Lavandina Ropa Blanca,5499
2025-06-18,LAV-CLA-01,Lavandina Clásica,16375
2025-06-18,LAV-FLO-02,Lavandina Floral,7729
2025-06-18,LAV-BLA-03,Lavandina Ropa Blanca,3987
2025-06-19,LAV-BLA-03,Lavandina Ropa Blanca,5001
2025-06-19,LAV-FLO-02,Lavandina Floral,6653
2025-06-19,LAV-CLA-01,Lavandina Clásica,13394
2025-06-20,LAV-CLA-01,Lavandina Clásica,15221
2025-06-20,LAV-FLO-02,Lavandina Floral,7458
2025-06-20,LAV-BLA-03,Lavandina Ropa Blanca,5727
2025-06-21,LAV-FLO-02,Lavandina Floral,6041
2025-06-23,LAV-CLA-01,Lavandina Clásica,16716
2025-06-23,LAV-FLO-02,Lavandina Floral,5578
2025-06-24,LAV-CLA-01,Lavandina Clásica,14548
2025-06-24,LAV-BLA-03,Lavandina Ropa Blanca,5884
2025-06-25,LAV-FLO-02,Lavandina Floral,7947
2025-06-26,LAV-CLA-01,Lavandina Clásica,11033
2025-06-27,LAV-CLA-01,Lavandina Clásica,17136
2025-06-27,LAV-BLA-03,Lavandina Ropa Blanca,5639
2025-06-28,LAV-CLA-01,Lavandina Clásica,11497
2025-06-28,LAV-FLO-02,Lavandina Floral,6391
2025-06-29,LAV-BLA-03,Lavandina Ropa Blanca,5150
2025-06-29,LAV-CLA-01,Lavandina Clásica,15868
2025-06-30,LAV-FLO-02,Lavandina Floral,5342
2025-07-01,LAV-CLA-01,Lavandina Clásica,13665
2025-07-01,LAV-FLO-02,Lavandina Floral,8113
2025-07-01,LAV-BLA-03,Lavandina Ropa Blanca,5141
2025-07-02,LAV-FLO-02,Lavandina Floral,7606
2025-07-03,LAV-FLO-02,Lavandina Floral,8629
2025-07-03,LAV-BLA-03,Lavandina Ropa Blanca,4039
2025-07-04,LAV-CLA-01,Lavandina Clásica,14233
2025-07-05,LAV-FLO-02,Lavandina Floral,6618
2025-07-05,LAV-BLA-03,Lavandina Ropa Blanca,5858
2025-07-06,LAV-BLA-03,Lavandina Ropa Blanca,3558
2025-07-07,LAV-BLA-03,Lavandina Ropa Blanca,5053
2025-07-07,LAV-FLO-02,Lavandina Floral,8542
2025-07-07,LAV-CLA-01,Lavandina Clásica,15396
2025-07-08,LAV-CLA-01,Lavandina Clásica,16987
2025-07-08,LAV-FLO-02,Lavandina Floral,6802
2025-07-08,LAV-BLA-03,Lavandina Ropa Blanca,6330
2025-07-09,LAV-BLA-03,Lavandina Ropa Blanca,5176
2025-07-10,LAV-FLO-02,Lavandina Floral,4695
2025-07-10,LAV-BLA-03,Lavandina Ropa Blanca,5901
2025-07-11,LAV-CLA-01,Lavandina Clásica,15790
2025-07-11,LAV-FLO-02,Lavandina Floral,7152
2025-07-11,LAV-BLA-03,Lavandina Ropa Blanca,4188
2025-07-12,LAV-CLA-01,Lavandina Clásica,15807
2025-07-12,LAV-BLA-03,Lavandina Ropa Blanca,4660
2025-07-13,LAV-CLA-01,Lavandina Clásica,16909
2025-07-14,LAV-BLA-03,Lavandina Ropa Blanca,3969
2025-07-14,LAV-CLA-01,Lavandina Clásica,17704
2025-07-14,LAV-FLO-02,Lavandina Floral,7912
2025-07-15,LAV-CLA-01,Lavandina Clásica,13656
2025-07-15,LAV-BLA-03,Lavandina Ropa Blanca,5141
2025-07-16,LAV-CLA-01,Lavandina Clásica,16515
2025-07-16,LAV-FLO-02,Lavandina Floral,7825
2025-07-16,LAV-BLA-03,Lavandina Ropa Blanca,3864
2025-07-17,LAV-CLA-01,Lavandina Clásica,21857
2025-07-17,LAV-BLA-03,Lavandina Ropa Blanca,5193
2025-07-18,LAV-CLA-01,Lavandina Clásica,13971
2025-07-18,LAV-FLO-02,Lavandina Floral,6671
2025-07-19,LAV-CLA-01,Lavandina Clásica,14102
2025-07-19,LAV-BLA-03,Lavandina Ropa Blanca,3724
2025-07-20,LAV-FLO-02,Lavandina Floral,7991
2025-07-20,LAV-CLA-01,Lavandina Clásica,15973
2025-07-21,LAV-CLA-01,Lavandina Clásica,12520
2025-07-21,LAV-FLO-02,Lavandina Floral,7580
2025-07-21,LAV-BLA-03,Lavandina Ropa Blanca,4896
2025-07-22,LAV-CLA-01,Lavandina Clásica,14032
2025-07-22,LAV-BLA-03,Lavandina Ropa Blanca,4345
2025-07-23,LAV-CLA-01,Lavandina Clásica,13971
2025-07-24,LAV-FLO-02,Lavandina Floral,6330
2025-07-26,LAV-CLA-01,Lavandina Clásica,10360
2025-07-26,LAV-FLO-02,Lavandina Floral,6671
2025-07-28,LAV-BLA-03,Lavandina Ropa Blanca,4450
2025-07-29,LAV-FLO-02,Lavandina Floral,7624
2025-07-30,LAV-FLO-02,Lavandina Floral,7921
2025-07-30,LAV-BLA-03,Lavandina Ropa Blanca,3095
2025-07-31,LAV-BLA-03,Lavandina Ropa Blanca,4835
2025-07-31,LAV-FLO-02,Lavandina Floral,5831
2025-08-01,LAV-FLO-02,Lavandina Floral,7134
2025-08-02,LAV-BLA-03,Lavandina Ropa Blanca,6487
2025-08-02,LAV-CLA-01,Lavandina Clásica,12467
2025-08-03,LAV-FLO-02,Lavandina Floral,7807
2025-08-03,LAV-CLA-01,Lavandina Clásica,13691
2025-08-04,LAV-CLA-01,Lavandina Clásica,15361
2025-08-04,LAV-FLO-02,Lavandina Floral,5797
2025-08-04,LAV-BLA-03,Lavandina Ropa Blanca,4336
2025-08-05,LAV-CLA-01,Lavandina Clásica,6452
2025-08-05,LAV-FLO-02,Lavandina Floral,5456
2025-08-06,LAV-CLA-01,Lavandina Clásica,10360
2025-08-06,LAV-FLO-02,Lavandina Floral,6120
2025-08-06,LAV-BLA-03,Lavandina Ropa Blanca,4581
2025-08-07,LAV-CLA-01,Lavandina Clásica,13753
2025-08-07,LAV-BLA-03,Lavandina Ropa Blanca,4476
2025-08-08,LAV-CLA-01,Lavandina Clásica,20948
2025-08-08,LAV-BLA-03,Lavandina Ropa Blanca,6242
2025-08-09,LAV-FLO-02,Lavandina Floral,5814
2025-08-11,LAV-BLA-03,Lavandina Ropa Blanca,4476
2025-08-11,LAV-FLO-02,Lavandina Floral,7003
2025-08-11,LAV-CLA-01,Lavandina Clásica,15387
2025-08-12,LAV-CLA-01,Lavandina Clásica,12065
2025-08-13,LAV-CLA-01,Lavandina Clásica,15440
2025-08-13,LAV-BLA-03,Lavandina Ropa Blanca,5263
2025-08-14,LAV-BLA-03,Lavandina Ropa Blanca,4004
2025-08-15,LAV-FLO-02,Lavandina Floral,6155
2025-08-15,LAV-BLA-03,Lavandina Ropa Blanca,6120
2025-08-16,LAV-FLO-02,Lavandina Floral,8061
2025-08-17,LAV-FLO-02,Lavandina Floral,6103
2025-08-18,LAV-CLA-01,Lavandina Clásica,12852
2025-08-18,LAV-FLO-02,Lavandina Floral,9145
2025-08-19,LAV-CLA-01,Lavandina Clásica,13971
2025-08-19,LAV-FLO-02,Lavandina Floral,6592
2025-08-19,LAV-BLA-03,Lavandina Ropa Blanca,6155
2025-08-21,LAV-BLA-03,Lavandina Ropa Blanca,5027
2025-08-21,LAV-FLO-02,Lavandina Floral,8157
2025-08-22,LAV-CLA-01,Lavandina Clásica,9434
2025-08-22,LAV-FLO-02,Lavandina Floral,9302
2025-08-23,LAV-FLO-02,Lavandina Floral,6540
2025-08-23,LAV-BLA-03,Lavandina Ropa Blanca,5132
2025-08-25,LAV-CLA-01,Lavandina Clásica,17914
2025-08-25,LAV-BLA-03,Lavandina Ropa Blanca,4214
2025-08-26,LAV-FLO-02,Lavandina Floral,8131
2025-08-27,LAV-BLA-03,Lavandina Ropa Blanca,4922
2025-08-28,LAV-CLA-01,Lavandina Clásica,12738
2025-08-29,LAV-CLA-01,Lavandina Clásica,16262
2025-08-29,LAV-FLO-02,Lavandina Floral,7090
2025-08-29,LAV-BLA-03,Lavandina Ropa Blanca,5027
2025-08-30,LAV-BLA-03,Lavandina Ropa Blanca,3961
2025-08-30,LAV-FLO-02,Lavandina Floral,6680
2025-08-30,LAV-CLA-01,Lavandina Clásica,16568
2025-08-31,LAV-FLO-02,Lavandina Floral,8384
2025-09-01,LAV-CLA-01,Lavandina Clásica,12432
2025-09-01,LAV-FLO-02,Lavandina Floral,6749
2025-09-02,LAV-BLA-03,Lavandina Ropa Blanca,3016
2025-09-03,LAV-CLA-01,Lavandina Clásica,8585
2025-09-03,LAV-FLO-02,Lavandina Floral,4992
2025-09-03,LAV-BLA-03,Lavandina Ropa Blanca,2771
2025-09-05,LAV-CLA-01,Lavandina Clásica,11007
2025-09-05,LAV-BLA-03,Lavandina Ropa Blanca,1443
2025-09-06,LAV-CLA-01,Lavandina Clásica,12345
2025-09-06,LAV-FLO-02,Lavandina Floral,6155
2025-09-06,LAV-BLA-03,Lavandina Ropa Blanca,4013
2025-09-08,LAV-BLA-03,Lavandina Ropa Blanca,3436
2025-09-08,LAV-FLO-02,Lavandina Floral,6260
2025-09-08,LAV-CLA-01,Lavandina Clásica,12109
2025-09-09,LAV-CLA-01,Lavandina Clásica,12904
2025-09-10,LAV-BLA-03,Lavandina Ropa Blanca,2815
2025-09-11,LAV-CLA-01,Lavandina Clásica,11488
2025-09-11,LAV-FLO-02,Lavandina Floral,4905
2025-09-12,LAV-CLA-01,Lavandina Clásica,12266
2025-09-12,LAV-FLO-02,Lavandina Floral,3943
2025-09-13,LAV-FLO-02,Lavandina Floral,5176
2025-09-13,LAV-BLA-03,Lavandina Ropa Blanca,4127
2025-09-14,LAV-CLA-01,Lavandina Clásica,14303
2025-09-14,LAV-FLO-02,Lavandina Floral,6146
2025-09-15,LAV-BLA-03,Lavandina Ropa Blanca,3523
2025-09-16,LAV-CLA-01,Lavandina Clásica,11016
2025-09-16,LAV-FLO-02,Lavandina Floral,6793
2025-09-17,LAV-BLA-03,Lavandina Ropa Blanca,4030
2025-09-17,LAV-CLA-01,Lavandina Clásica,11943
2025-09-17,LAV-FLO-02,Lavandina Floral,3847
2025-09-18,LAV-CLA-01,Lavandina Clásica,10736
2025-09-19,LAV-FLO-02,Lavandina Floral,5831
2025-09-19,LAV-BLA-03,Lavandina Ropa Blanca,4013
2025-09-20,LAV-FLO-02,Lavandina Floral,4205
2025-09-21,LAV-CLA-01,Lavandina Clásica,10684
2025-09-22,LAV-CLA-01,Lavandina Clásica,13245
2025-09-23,LAV-FLO-02,Lavandina Floral,6540
2025-09-24,LAV-FLO-02,Lavandina Floral,5368
2025-09-24,LAV-BLA-03,Lavandina Ropa Blanca,3034
2025-09-25,LAV-FLO-02,Lavandina Floral,3392
2025-09-26,LAV-BLA-03,Lavandina Ropa Blanca,5027
2025-09-26,LAV-CLA-01,Lavandina Clásica,11462
2025-09-27,LAV-BLA-03,Lavandina Ropa Blanca,3366
2025-09-27,LAV-CLA-01,Lavandina Clásica,11672
2025-09-27,LAV-FLO-02,Lavandina Floral,4529
2025-09-28,LAV-CLA-01,Lavandina Clásica,11156
2025-09-28,LAV-BLA-03,Lavandina Ropa Blanca,3733
2025-09-29,LAV-BLA-03,Lavandina Ropa Blanca,3969
2025-09-30,LAV-CLA-01,Lavandina Clásica,11576
2025-09-30,LAV-FLO-02,Lavandina Floral,5805
2025-10-02,LAV-CLA-01,Lavandina Clásica,12948
2025-10-03,LAV-BLA-03,Lavandina Ropa Blanca,4538
2025-10-04,LAV-FLO-02,Lavandina Floral,4048
2025-10-04,LAV-BLA-03,Lavandina Ropa Blanca,3847
2025-10-05,LAV-BLA-03,Lavandina Ropa Blanca,3759
2025-10-05,LAV-CLA-01,Lavandina Clásica,11261
2025-10-05,LAV-FLO-02,Lavandina Floral,6050
2025-10-06,LAV-FLO-02,Lavandina Floral,6120
2025-10-06,LAV-CLA-01,Lavandina Clásica,13796
2025-10-07,LAV-CLA-01,Lavandina Clásica,11847
2025-10-07,LAV-FLO-02,Lavandina Floral,5211
2025-10-08,LAV-CLA-01,Lavandina Clásica,12957
2025-10-08,LAV-BLA-03,Lavandina Ropa Blanca,5316
2025-10-09,LAV-FLO-02,Lavandina Floral,3016
2025-10-11,LAV-CLA-01,Lavandina Clásica,10675
2025-10-11,LAV-FLO-02,Lavandina Floral,5797
2025-10-12,LAV-CLA-01,Lavandina Clásica,13289
2025-10-12,LAV-BLA-03,Lavandina Ropa Blanca,3261
2025-10-13,LAV-FLO-02,Lavandina Floral,6583
2025-10-14,LAV-BLA-03,Lavandina Ropa Blanca,3095
2025-10-14,LAV-CLA-01,Lavandina Clásica,12817
2025-10-15,LAV-FLO-02,Lavandina Floral,5123
2025-10-15,LAV-BLA-03,Lavandina Ropa Blanca,3366
2025-10-15,LAV-CLA-01,Lavandina Clásica,8988
2025-10-16,LAV-CLA-01,Lavandina Clásica,9329
2025-10-16,LAV-BLA-03,Lavandina Ropa Blanca,3445
2025-10-17,LAV-CLA-01,Lavandina Clásica,9967
2025-10-17,LAV-BLA-03,Lavandina Ropa Blanca,3165
2025-10-18,LAV-CLA-01,Lavandina Clásica,10168
2025-10-18,LAV-FLO-02,Lavandina Floral,4966
2025-10-18,LAV-BLA-03,Lavandina Ropa Blanca,3182
2025-10-19,LAV-FLO-02,Lavandina Floral,5324
2025-10-20,LAV-FLO-02,Lavandina Floral,5333
2025-10-20,LAV-BLA-03,Lavandina Ropa Blanca,3585
2025-10-21,LAV-FLO-02,Lavandina Floral,3847
2025-10-21,LAV-BLA-03,Lavandina Ropa Blanca,3856
2025-10-22,LAV-FLO-02,Lavandina Floral,6190
2025-10-23,LAV-FLO-02,Lavandina Floral,4879
2025-10-23,LAV-CLA-01,Lavandina Clásica,7003
2025-10-24,LAV-CLA-01,Lavandina Clásica,12030
2025-10-24,LAV-FLO-02,Lavandina Floral,5324
2025-10-25,LAV-CLA-01,Lavandina Clásica,9224
2025-10-26,LAV-CLA-01,Lavandina Clásica,10832
2025-10-26,LAV-FLO-02,Lavandina Floral,4826
2025-10-27,LAV-FLO-02,Lavandina Floral,5648
2025-10-27,LAV-BLA-03,Lavandina Ropa Blanca,2754
2025-10-28,LAV-CLA-01,Lavandina Clásica,10544
2025-10-29,LAV-CLA-01,Lavandina Clásica,10544
2025-10-29,LAV-FLO-02,Lavandina Floral,6846
2025-10-30,LAV-CLA-01,Lavandina Clásica,9294
2025-10-30,LAV-BLA-03,Lavandina Ropa Blanca,3383
2025-10-31,LAV-FLO-02,Lavandina Floral,5971
2025-11-01,LAV-FLO-02,Lavandina Floral,6304
2025-11-01,LAV-CLA-01,Lavandina Clásica,11777
2025-11-02,LAV-FLO-02,Lavandina Floral,6688
2025-11-03,LAV-FLO-02,Lavandina Floral,4389
2025-11-04,LAV-CLA-01,Lavandina Clásica,12467
2025-11-04,LAV-FLO-02,Lavandina Floral,7073
2025-11-05,LAV-CLA-01,Lavandina Clásica,8472
2025-11-05,LAV-FLO-02,Lavandina Floral,7012
2025-11-06,LAV-CLA-01,Lavandina Clásica,10168
2025-11-06,LAV-FLO-02,Lavandina Floral,5814
2025-11-06,LAV-BLA-03,Lavandina Ropa Blanca,3777
2025-11-07,LAV-CLA-01,Lavandina Clásica,13167
2025-11-07,LAV-BLA-03,Lavandina Ropa Blanca,4092
2025-11-08,LAV-FLO-02,Lavandina Floral,4765
2025-11-09,LAV-FLO-02,Lavandina Floral,6242
2025-11-10,LAV-BLA-03,Lavandina Ropa Blanca,4275
2025-11-10,LAV-FLO-02,Lavandina Floral,6889
2025-11-10,LAV-CLA-01,Lavandina Clásica,11672
2025-11-11,LAV-CLA-01,Lavandina Clásica,12511
2025-11-11,LAV-BLA-03,Lavandina Ropa Blanca,3051
2025-11-12,LAV-FLO-02,Lavandina Floral,4695
2025-11-13,LAV-FLO-02,Lavandina Floral,6059
2025-11-13,LAV-BLA-03,Lavandina Ropa Blanca,3401
2025-11-14,LAV-CLA-01,Lavandina Clásica,7021
2025-11-14,LAV-BLA-03,Lavandina Ropa Blanca,2833
2025-11-15,LAV-CLA-01,Lavandina Clásica,14312
2025-11-16,LAV-FLO-02,Lavandina Floral,6269
2025-11-16,LAV-CLA-01,Lavandina Clásica,11182
2025-11-16,LAV-BLA-03,Lavandina Ropa Blanca,2396
2025-11-17,LAV-FLO-02,Lavandina Floral,5814
2025-11-17,LAV-CLA-01,Lavandina Clásica,12765
2025-11-18,LAV-BLA-03,Lavandina Ropa Blanca,3716
2025-11-18,LAV-CLA-01,Lavandina Clásica,9530
2025-11-18,LAV-FLO-02,Lavandina Floral,5525
2025-11-19,LAV-CLA-01,Lavandina Clásica,10640
2025-11-20,LAV-FLO-02,Lavandina Floral,5648
2025-11-20,LAV-BLA-03,Lavandina Ropa Blanca,3436
2025-11-21,LAV-CLA-01,Lavandina Clásica,10937
2025-11-21,LAV-BLA-03,Lavandina Ropa Blanca,2186
2025-11-22,LAV-BLA-03,Lavandina Ropa Blanca,4127
2025-11-23,LAV-CLA-01,Lavandina Clásica,9477
2025-11-23,LAV-FLO-02,Lavandina Floral,5674
2025-11-23,LAV-BLA-03,Lavandina Ropa Blanca,3331
2025-11-24,LAV-FLO-02,Lavandina Floral,5665
2025-11-25,LAV-BLA-03,Lavandina Ropa Blanca,4048
2025-11-26,LAV-FLO-02,Lavandina Floral,7921
2025-11-27,LAV-CLA-01,Lavandina Clásica,8332
2025-11-28,LAV-BLA-03,Lavandina Ropa Blanca,3182
2025-11-29,LAV-CLA-01,Lavandina Clásica,12782
2025-11-29,LAV-FLO-02,Lavandina Floral,5508
2025-11-29,LAV-BLA-03,Lavandina Ropa Blanca,3200
2025-11-30,LAV-FLO-02,Lavandina Floral,6339
2025-11-30,LAV-BLA-03,Lavandina Ropa Blanca,2771
2025-12-01,LAV-FLO-02,Lavandina Floral,6452
2025-12-02,LAV-CLA-01,Lavandina Clásica,12843
2025-12-02,LAV-FLO-02,Lavandina Floral,6382
2025-12-02,LAV-BLA-03,Lavandina Ropa Blanca,4879
2025-12-03,LAV-CLA-01,Lavandina Clásica,10841
2025-12-04,LAV-FLO-02,Lavandina Floral,6374
2025-12-05,LAV-FLO-02,Lavandina Floral,5735
2025-12-06,LAV-CLA-01,Lavandina Clásica,12878
2025-12-07,LAV-BLA-03,Lavandina Ropa Blanca,4092
2025-12-07,LAV-FLO-02,Lavandina Floral,7519
2025-12-08,LAV-CLA-01,Lavandina Clásica,8551
2025-12-08,LAV-BLA-03,Lavandina Ropa Blanca,2824
2025-12-09,LAV-FLO-02,Lavandina Floral,6181
2025-12-09,LAV-BLA-03,Lavandina Ropa Blanca,3856
2025-12-10,LAV-CLA-01,Lavandina Clásica,13175
2025-12-10,LAV-BLA-03,Lavandina Ropa Blanca,2623
2025-12-11,LAV-CLA-01,Lavandina Clásica,10579
2025-12-11,LAV-FLO-02,Lavandina Floral,6059
2025-12-12,LAV-BLA-03,Lavandina Ropa Blanca,3436
2025-12-13,LAV-CLA-01,Lavandina Clásica,13062
2025-12-13,LAV-BLA-03,Lavandina Ropa Blanca,2763
2025-12-14,LAV-CLA-01,Lavandina Clásica,12083
2025-12-15,LAV-FLO-02,Lavandina Floral,4879
2025-12-15,LAV-CLA-01,Lavandina Clásica,10605
2025-12-16,LAV-CLA-01,Lavandina Clásica,10553
2025-12-16,LAV-BLA-03,Lavandina Ropa Blanca,2771
2025-12-17,LAV-FLO-02,Lavandina Floral,3899
2025-12-17,LAV-BLA-03,Lavandina Ropa Blanca,4765
2025-12-18,LAV-CLA-01,Lavandina Clásica,8822
2025-12-18,LAV-FLO-02,Lavandina Floral,5578
2025-12-18,LAV-BLA-03,Lavandina Ropa Blanca,3978
2025-12-19,LAV-FLO-02,Lavandina Floral,6732
2025-12-19,LAV-BLA-03,Lavandina Ropa Blanca,4922
2025-12-21,LAV-FLO-02,Lavandina Floral,7379
2025-12-21,LAV-BLA-03,Lavandina Ropa Blanca,4468
2025-12-22,LAV-FLO-02,Lavandina Floral,4913
2025-12-22,LAV-CLA-01,Lavandina Clásica,12852
2025-12-23,LAV-CLA-01,Lavandina Clásica,10483
2025-12-24,LAV-FLO-02,Lavandina Floral,6146
2025-12-24,LAV-BLA-03,Lavandina Ropa Blanca,3978
2025-12-25,LAV-BLA-03,Lavandina Ropa Blanca,4398
2025-12-25,LAV-CLA-01,Lavandina Clásica,13551
2025-12-26,LAV-CLA-01,Lavandina Clásica,11637
2025-12-26,LAV-BLA-03,Lavandina Ropa Blanca,3926
2025-12-27,LAV-CLA-01,Lavandina Clásica,6269
2025-12-27,LAV-FLO-02,Lavandina Floral,5211
2025-12-27,LAV-BLA-03,Lavandina Ropa Blanca,5097
2025-12-28,LAV-CLA-01,Lavandina Clásica,9626
2025-12-28,LAV-FLO-02,Lavandina Floral,5053
2025-12-28,LAV-BLA-03,Lavandina Ropa Blanca,3217
2025-12-29,LAV-CLA-01,Lavandina Clásica,10579
2025-12-29,LAV-FLO-02,Lavandina Floral,4249
2025-12-29,LAV-BLA-03,Lavandina Ropa Blanca,3226
2025-12-30,LAV-FLO-02,Lavandina Floral,5718
2025-12-31,LAV-BLA-03,Lavandina Ropa Blanca,4406
2025-12-31,LAV-FLO-02,Lavandina Floral,5814
2025-12-31,LAV-CLA-01,Lavandina Clásica,13036
2026-01-01,LAV-CLA-01,Lavandina Clásica,13342
2026-01-01,LAV-FLO-02,Lavandina Floral,6033
2026-01-01,LAV-BLA-03,Lavandina Ropa Blanca,4555
2026-01-02,LAV-CLA-01,Lavandina Clásica,9661
2026-01-03,LAV-CLA-01,Lavandina Clásica,12555
2026-01-03,LAV-BLA-03,Lavandina Ropa Blanca,5386
2026-01-04,LAV-FLO-02,Lavandina Floral,5735
2026-01-06,LAV-CLA-01,Lavandina Clásica,11418
2026-01-06,LAV-FLO-02,Lavandina Floral,7239
2026-01-07,LAV-CLA-01,Lavandina Clásica,11497
2026-01-08,LAV-CLA-01,Lavandina Clásica,14338
2026-01-08,LAV-FLO-02,Lavandina Floral,6304
2026-01-08,LAV-BLA-03,Lavandina Ropa Blanca,5805
2026-01-09,LAV-BLA-03,Lavandina Ropa Blanca,3716
2026-01-09,LAV-FLO-02,Lavandina Floral,6732
2026-01-11,LAV-CLA-01,Lavandina Clásica,11820
2026-01-12,LAV-CLA-01,Lavandina Clásica,12922
2026-01-13,LAV-CLA-01,Lavandina Clásica,12529
2026-01-14,LAV-CLA-01,Lavandina Clásica,9984
2026-01-14,LAV-FLO-02,Lavandina Floral,7939
2026-01-14,LAV-BLA-03,Lavandina Ropa Blanca,4170
2026-01-15,LAV-CLA-01,Lavandina Clásica,13307
2026-01-17,LAV-CLA-01,Lavandina Clásica,13315
2026-01-17,LAV-FLO-02,Lavandina Floral,8113
2026-01-17,LAV-BLA-03,Lavandina Ropa Blanca,3926
2026-01-18,LAV-FLO-02,Lavandina Floral,5762
2026-01-18,LAV-BLA-03,Lavandina Ropa Blanca,4494
2026-01-19,LAV-CLA-01,Lavandina Clásica,11558
2026-01-20,LAV-BLA-03,Lavandina Ropa Blanca,5062
2026-01-20,LAV-CLA-01,Lavandina Clásica,11042
2026-01-20,LAV-FLO-02,Lavandina Floral,7239
2026-01-21,LAV-CLA-01,Lavandina Clásica,12843
2026-01-21,LAV-FLO-02,Lavandina Floral,6295
2026-01-22,LAV-CLA-01,Lavandina Clásica,11523
2026-01-22,LAV-FLO-02,Lavandina Floral,6645
2026-01-22,LAV-BLA-03,Lavandina Ropa Blanca,2046
2026-01-23,LAV-FLO-02,Lavandina Floral,5097
2026-01-24,LAV-CLA-01,Lavandina Clásica,11680
2026-01-24,LAV-FLO-02,Lavandina Floral,5534
2026-01-24,LAV-BLA-03,Lavandina Ropa Blanca,3121
2026-01-25,LAV-FLO-02,Lavandina Floral,5053
2026-01-25,LAV-CLA-01,Lavandina Clásica,8524
2026-01-25,LAV-BLA-03,Lavandina Ropa Blanca,3995
2026-01-26,LAV-FLO-02,Lavandina Floral,6828
2026-01-26,LAV-CLA-01,Lavandina Clásica,9722
2026-01-27,LAV-FLO-02,Lavandina Floral,5289
2026-01-27,LAV-BLA-03,Lavandina Ropa Blanca,4800
2026-01-28,LAV-CLA-01,Lavandina Clásica,10063
2026-01-28,LAV-FLO-02,Lavandina Floral,6828
2026-01-28,LAV-BLA-03,Lavandina Ropa Blanca,5281
2026-01-29,LAV-BLA-03,Lavandina Ropa Blanca,4363
2026-01-30,LAV-BLA-03,Lavandina Ropa Blanca,6137
2026-01-31,LAV-FLO-02,Lavandina Floral,6190
2026-01-31,LAV-BLA-03,Lavandina Ropa Blanca,3794
2026-02-01,LAV-FLO-02,Lavandina Floral,6365
2026-02-01,LAV-BLA-03,Lavandina Ropa Blanca,3462
2026-02-02,LAV-CLA-01,Lavandina Clásica,14225
2026-02-03,LAV-FLO-02,Lavandina Floral,6365
2026-02-03,LAV-BLA-03,Lavandina Ropa Blanca,4826
2026-02-03,LAV-CLA-01,Lavandina Clásica,12371
2026-02-04,LAV-CLA-01,Lavandina Clásica,12922
2026-02-04,LAV-FLO-02,Lavandina Floral,6330
2026-02-06,LAV-FLO-02,Lavandina Floral,4529
2026-02-06,LAV-BLA-03,Lavandina Ropa Blanca,5613
2026-02-08,LAV-CLA-01,Lavandina Clásica,10841
2026-02-08,LAV-FLO-02,Lavandina Floral,5193
2026-02-08,LAV-BLA-03,Lavandina Ropa Blanca,4948
2026-02-09,LAV-CLA-01,Lavandina Clásica,13499
2026-02-10,LAV-CLA-01,Lavandina Clásica,16979
2026-02-10,LAV-FLO-02,Lavandina Floral,4607
2026-02-10,LAV-BLA-03,Lavandina Ropa Blanca,3279
2026-02-11,LAV-CLA-01,Lavandina Clásica,14330
2026-02-12,LAV-BLA-03,Lavandina Ropa Blanca,3497
2026-02-12,LAV-CLA-01,Lavandina Clásica,10579
2026-02-13,LAV-BLA-03,Lavandina Ropa Blanca,3418
2026-02-13,LAV-CLA-01,Lavandina Clásica,9949
2026-02-13,LAV-FLO-02,Lavandina Floral,6907
2026-02-14,LAV-FLO-02,Lavandina Floral,4398
2026-02-14,LAV-BLA-03,Lavandina Ropa Blanca,3943
2026-02-15,LAV-CLA-01,Lavandina Clásica,13079
2026-02-15,LAV-FLO-02,Lavandina Floral,5123
2026-02-15,LAV-BLA-03,Lavandina Ropa Blanca,3847
2026-02-16,LAV-CLA-01,Lavandina Clásica,9451
2026-02-16,LAV-FLO-02,Lavandina Floral,6487
2026-02-17,LAV-CLA-01,Lavandina Clásica,14907
2026-02-17,LAV-BLA-03,Lavandina Ropa Blanca,4712
2026-02-18,LAV-BLA-03,Lavandina Ropa Blanca,3891
2026-02-19,LAV-FLO-02,Lavandina Floral,5779
2026-02-19,LAV-BLA-03,Lavandina Ropa Blanca,4380
2026-02-19,LAV-CLA-01,Lavandina Clásica,13779
2026-02-21,LAV-CLA-01,Lavandina Clásica,11672
2026-02-21,LAV-BLA-03,Lavandina Ropa Blanca,3716
2026-02-22,LAV-CLA-01,Lavandina Clásica,13866
2026-02-22,LAV-FLO-02,Lavandina Floral,5692
2026-02-22,LAV-BLA-03,Lavandina Ropa Blanca,4450
2026-02-23,LAV-CLA-01,Lavandina Clásica,10579
2026-02-23,LAV-FLO-02,Lavandina Floral,6137
2026-02-23,LAV-BLA-03,Lavandina Ropa Blanca,2369
2026-02-24,LAV-FLO-02,Lavandina Floral,5386
2026-02-24,LAV-BLA-03,Lavandina Ropa Blanca,5053
2026-02-24,LAV-CLA-01,Lavandina Clásica,11532
2026-02-25,LAV-FLO-02,Lavandina Floral,5989
2026-02-25,LAV-BLA-03,Lavandina Ropa Blanca,4363
2026-02-25,LAV-CLA-01,Lavandina Clásica,9687
2026-02-26,LAV-FLO-02,Lavandina Floral,6994
2026-02-27,LAV-CLA-01,Lavandina Clásica,14627
2026-02-28,LAV-CLA-01,Lavandina Clásica,14705
2026-03-01,LAV-CLA-01,Lavandina Clásica,16122
2026-03-01,LAV-FLO-02,Lavandina Floral,8996
2026-03-01,LAV-BLA-03,Lavandina Ropa Blanca,4520
2026-03-02,LAV-CLA-01,Lavandina Clásica,19838
2026-03-02,LAV-FLO-02,Lavandina Floral,7965
2026-03-02,LAV-BLA-03,Lavandina Ropa Blanca,6767
2026-03-03,LAV-FLO-02,Lavandina Floral,9608
2026-03-03,LAV-BLA-03,Lavandina Ropa Blanca,5202
2026-03-04,LAV-CLA-01,Lavandina Clásica,13831
2026-03-04,LAV-BLA-03,Lavandina Ropa Blanca,6610
2026-03-05,LAV-BLA-03,Lavandina Ropa Blanca,7029
2026-03-06,LAV-FLO-02,Lavandina Floral,6784
2026-03-07,LAV-FLO-02,Lavandina Floral,6216
2026-03-07,LAV-CLA-01,Lavandina Clásica,15536
2026-03-08,LAV-CLA-01,Lavandina Clásica,12773
2026-03-08,LAV-FLO-02,Lavandina Floral,8192
2026-03-08,LAV-BLA-03,Lavandina Ropa Blanca,6592
2026-03-09,LAV-FLO-02,Lavandina Floral,7930
2026-03-09,LAV-BLA-03,Lavandina Ropa Blanca,5324
2026-03-10,LAV-CLA-01,Lavandina Clásica,11882
2026-03-10,LAV-FLO-02,Lavandina Floral,5735
2026-03-11,LAV-CLA-01,Lavandina Clásica,13648
2026-03-11,LAV-FLO-02,Lavandina Floral,10666
2026-03-12,LAV-CLA-01,Lavandina Clásica,10850
2026-03-12,LAV-FLO-02,Lavandina Floral,8376
2026-03-12,LAV-BLA-03,Lavandina Ropa Blanca,6312
2026-03-14,LAV-CLA-01,Lavandina Clásica,16026
2026-03-15,LAV-CLA-01,Lavandina Clásica,17661
2026-03-16,LAV-BLA-03,Lavandina Ropa Blanca,4363
2026-03-16,LAV-FLO-02,Lavandina Floral,9101
2026-03-17,LAV-CLA-01,Lavandina Clásica,15860
2026-03-18,LAV-CLA-01,Lavandina Clásica,14758
2026-03-18,LAV-BLA-03,Lavandina Ropa Blanca,5805
2026-03-20,LAV-BLA-03,Lavandina Ropa Blanca,4686
2026-03-21,LAV-CLA-01,Lavandina Clásica,10990
2026-03-21,LAV-FLO-02,Lavandina Floral,8551
2026-03-21,LAV-BLA-03,Lavandina Ropa Blanca,5421
2026-03-22,LAV-CLA-01,Lavandina Clásica,14137
2026-03-22,LAV-FLO-02,Lavandina Floral,9294
2026-03-22,LAV-BLA-03,Lavandina Ropa Blanca,4380
2026-03-23,LAV-FLO-02,Lavandina Floral,9949
2026-03-24,LAV-CLA-01,Lavandina Clásica,19094
2026-03-26,LAV-FLO-02,Lavandina Floral,7501
2026-03-27,LAV-BLA-03,Lavandina Ropa Blanca,4660
2026-03-27,LAV-FLO-02,Lavandina Floral,7755
2026-03-27,LAV-CLA-01,Lavandina Clásica,18867
2026-03-28,LAV-CLA-01,Lavandina Clásica,15510
2026-03-30,LAV-CLA-01,Lavandina Clásica,17215
2026-03-31,LAV-CLA-01,Lavandina Clásica,13945
2026-03-31,LAV-BLA-03,Lavandina Ropa Blanca,4564
2026-04-01,LAV-CLA-01,Lavandina Clásica,16594
2026-04-01,LAV-BLA-03,Lavandina Ropa Blanca,5727
2026-04-02,LAV-FLO-02,Lavandina Floral,7851
2026-04-02,LAV-BLA-03,Lavandina Ropa Blanca,4747
2026-04-04,LAV-CLA-01,Lavandina Clásica,13927
2026-04-04,LAV-BLA-03,Lavandina Ropa Blanca,4887
2026-04-05,LAV-CLA-01,Lavandina Clásica,13910
2026-04-05,LAV-FLO-02,Lavandina Floral,9250
2026-04-06,LAV-CLA-01,Lavandina Clásica,19907
2026-04-07,LAV-CLA-01,Lavandina Clásica,15317
2026-04-08,LAV-CLA-01,Lavandina Clásica,16026
2026-04-08,LAV-BLA-03,Lavandina Ropa Blanca,6881
2026-04-09,LAV-FLO-02,Lavandina Floral,7405
2026-04-10,LAV-FLO-02,Lavandina Floral,9783
2026-04-11,LAV-BLA-03,Lavandina Ropa Blanca,5971
2026-04-12,LAV-BLA-03,Lavandina Ropa Blanca,4966
2026-04-14,LAV-FLO-02,Lavandina Floral,9783
2026-04-14,LAV-BLA-03,Lavandina Ropa Blanca,4371
2026-04-15,LAV-CLA-01,Lavandina Clásica,20196
2026-04-15,LAV-BLA-03,Lavandina Ropa Blanca,4870
2026-04-16,LAV-FLO-02,Lavandina Floral,8848
2026-04-17,LAV-CLA-01,Lavandina Clásica,15361
2026-04-17,LAV-FLO-02,Lavandina Floral,7965
2026-04-19,LAV-BLA-03,Lavandina Ropa Blanca,5438
2026-04-20,LAV-BLA-03,Lavandina Ropa Blanca,5211
2026-04-21,LAV-FLO-02,Lavandina Floral,9075
2026-04-21,LAV-BLA-03,Lavandina Ropa Blanca,4564
2026-04-22,LAV-CLA-01,Lavandina Clásica,20572
2026-04-23,LAV-CLA-01,Lavandina Clásica,22941
2026-04-24,LAV-CLA-01,Lavandina Clásica,17398
2026-04-24,LAV-FLO-02,Lavandina Floral,7982
2026-04-24,LAV-BLA-03,Lavandina Ropa Blanca,5176
2026-04-25,LAV-FLO-02,Lavandina Floral,5893
2026-04-25,LAV-BLA-03,Lavandina Ropa Blanca,3427
2026-04-26,LAV-CLA-01,Lavandina Clásica,13927
2026-04-26,LAV-FLO-02,Lavandina Floral,5176
2026-04-26,LAV-BLA-03,Lavandina Ropa Blanca,5272
2026-04-27,LAV-CLA-01,Lavandina Clásica,18246
2026-04-27,LAV-BLA-03,Lavandina Ropa Blanca,6076
2026-04-28,LAV-BLA-03,Lavandina Ropa Blanca,6304
2026-04-28,LAV-CLA-01,Lavandina Clásica,19610
2026-04-28,LAV-FLO-02,Lavandina Floral,7414
2026-04-29,LAV-CLA-01,Lavandina Clásica,18054
2026-04-30,LAV-CLA-01,Lavandina Clásica,14837
2026-04-30,LAV-FLO-02,Lavandina Floral,10815
2026-05-01,LAV-CLA-01,Lavandina Clásica,17958
2026-05-01,LAV-FLO-02,Lavandina Floral,7169
2026-05-02,LAV-FLO-02,Lavandina Floral,6137
2026-05-02,LAV-BLA-03,Lavandina Ropa Blanca,5351
2026-05-03,LAV-CLA-01,Lavandina Clásica,16122
2026-05-03,LAV-FLO-02,Lavandina Floral,8918
2026-05-03,LAV-BLA-03,Lavandina Ropa Blanca,7475
2026-05-04,LAV-FLO-02,Lavandina Floral,8472
2026-05-06,LAV-BLA-03,Lavandina Ropa Blanca,5963
2026-05-06,LAV-FLO-02,Lavandina Floral,6557
2026-05-06,LAV-CLA-01,Lavandina Clásica,18412
2026-05-07,LAV-CLA-01,Lavandina Clásica,14399
2026-05-07,LAV-FLO-02,Lavandina Floral,5630
2026-05-07,LAV-BLA-03,Lavandina Ropa Blanca,6382
2026-05-08,LAV-FLO-02,Lavandina Floral,7702
2026-05-08,LAV-BLA-03,Lavandina Ropa Blanca,4599
2026-05-09,LAV-CLA-01,Lavandina Clásica,14723
2026-05-09,LAV-FLO-02,Lavandina Floral,4913
2026-05-10,LAV-CLA-01,Lavandina Clásica,16620
2026-05-10,LAV-FLO-02,Lavandina Floral,7973
2026-05-11,LAV-CLA-01,Lavandina Clásica,17757
2026-05-11,LAV-FLO-02,Lavandina Floral,7029
2026-05-11,LAV-BLA-03,Lavandina Ropa Blanca,4817
2026-05-12,LAV-BLA-03,Lavandina Ropa Blanca,4782
2026-05-13,LAV-BLA-03,Lavandina Ropa Blanca,5499
2026-05-13,LAV-CLA-01,Lavandina Clásica,14365
2026-05-13,LAV-FLO-02,Lavandina Floral,10745
2026-05-14,LAV-BLA-03,Lavandina Ropa Blanca,6277
2026-05-15,LAV-BLA-03,Lavandina Ropa Blanca,7641
2026-05-16,LAV-BLA-03,Lavandina Ropa Blanca,6846
2026-05-17,LAV-CLA-01,Lavandina Clásica,17328
2026-05-17,LAV-FLO-02,Lavandina Floral,8428
2026-05-17,LAV-BLA-03,Lavandina Ropa Blanca,6068
2026-05-18,LAV-CLA-01,Lavandina Clásica,13499
2026-05-18,LAV-FLO-02,Lavandina Floral,12476
2026-05-19,LAV-CLA-01,Lavandina Clásica,13298
2026-05-19,LAV-BLA-03,Lavandina Ropa Blanca,7545
2026-05-20,LAV-CLA-01,Lavandina Clásica,14251
2026-05-20,LAV-BLA-03,Lavandina Ropa Blanca,6041
2026-05-21,LAV-FLO-02,Lavandina Floral,9783
2026-05-21,LAV-CLA-01,Lavandina Clásica,15825
2026-05-22,LAV-CLA-01,Lavandina Clásica,14006
2026-05-22,LAV-BLA-03,Lavandina Ropa Blanca,5473
2026-05-23,LAV-CLA-01,Lavandina Clásica,15623
2026-05-23,LAV-FLO-02,Lavandina Floral,11427
2026-05-24,LAV-CLA-01,Lavandina Clásica,17390
2026-05-24,LAV-FLO-02,Lavandina Floral,7510
2026-05-25,LAV-CLA-01,Lavandina Clásica,18080
2026-05-25,LAV-FLO-02,Lavandina Floral,8341
2026-05-26,LAV-BLA-03,Lavandina Ropa Blanca,4712
2026-05-27,LAV-BLA-03,Lavandina Ropa Blanca,4913
2026-05-28,LAV-CLA-01,Lavandina Clásica,18264
2026-05-28,LAV-BLA-03,Lavandina Ropa Blanca,7283
2026-05-30,LAV-BLA-03,Lavandina Ropa Blanca,7466
2026-05-31,LAV-BLA-03,Lavandina Ropa Blanca,6330
2026-05-31,LAV-CLA-01,Lavandina Clásica,20712
2026-06-01,LAV-CLA-01,Lavandina Clásica,20782
2026-06-02,LAV-CLA-01,Lavandina Clásica,16043
2026-06-02,LAV-BLA-03,Lavandina Ropa Blanca,5665
2026-06-03,LAV-CLA-01,Lavandina Clásica,18439
2026-06-04,LAV-CLA-01,Lavandina Clásica,18273
2026-06-05,LAV-CLA-01,Lavandina Clásica,24034
2026-06-05,LAV-BLA-03,Lavandina Ropa Blanca,5700
2026-06-06,LAV-CLA-01,Lavandina Clásica,14889
2026-06-06,LAV-FLO-02,Lavandina Floral,8472
2026-06-06,LAV-BLA-03,Lavandina Ropa Blanca,4345
2026-06-07,LAV-BLA-03,Lavandina Ropa Blanca,5010
2026-06-07,LAV-CLA-01,Lavandina Clásica,17250
2026-06-07,LAV-FLO-02,Lavandina Floral,9320
2026-06-08,LAV-BLA-03,Lavandina Ropa Blanca,4144
2026-06-08,LAV-FLO-02,Lavandina Floral,7125
2026-06-09,LAV-FLO-02,Lavandina Floral,9608
2026-06-09,LAV-BLA-03,Lavandina Ropa Blanca,6068
2026-06-10,LAV-BLA-03,Lavandina Ropa Blanca,3995
2026-06-11,LAV-FLO-02,Lavandina Floral,7641
2026-06-12,LAV-CLA-01,Lavandina Clásica,15519
2026-06-12,LAV-FLO-02,Lavandina Floral,7676
2026-06-13,LAV-CLA-01,Lavandina Clásica,16489
2026-06-13,LAV-FLO-02,Lavandina Floral,9346
2026-06-14,LAV-CLA-01,Lavandina Clásica,16576
2026-06-14,LAV-BLA-03,Lavandina Ropa Blanca,4249
2026-06-15,LAV-CLA-01,Lavandina Clásica,20231
2026-06-16,LAV-FLO-02,Lavandina Floral,7370
2026-06-16,LAV-CLA-01,Lavandina Clásica,17975
2026-06-18,LAV-FLO-02,Lavandina Floral,9381
2026-06-18,LAV-CLA-01,Lavandina Clásica,20047
2026-06-19,LAV-CLA-01,Lavandina Clásica,19234
2026-06-19,LAV-BLA-03,Lavandina Ropa Blanca,5246
2026-06-20,LAV-BLA-03,Lavandina Ropa Blanca,7143
2026-06-21,LAV-CLA-01,Lavandina Clásica,12179
2026-06-21,LAV-FLO-02,Lavandina Floral,7842
2026-06-23,LAV-CLA-01,Lavandina Clásica,11200
2026-06-23,LAV-FLO-02,Lavandina Floral,8585
2026-06-23,LAV-BLA-03,Lavandina Ropa Blanca,4249
2026-06-24,LAV-CLA-01,Lavandina Clásica,14347
2026-06-24,LAV-FLO-02,Lavandina Floral,10430
2026-06-25,LAV-CLA-01,Lavandina Clásica,15589
2026-06-25,LAV-BLA-03,Lavandina Ropa Blanca,5552
2026-06-26,LAV-FLO-02,Lavandina Floral,8183
2026-06-26,LAV-BLA-03,Lavandina Ropa Blanca,5858
2026-06-26,LAV-CLA-01,Lavandina Clásica,18780
2026-06-27,LAV-CLA-01,Lavandina Clásica,17206
2026-06-27,LAV-FLO-02,Lavandina Floral,8699
2026-06-27,LAV-BLA-03,Lavandina Ropa Blanca,5342
2026-06-28,LAV-FLO-02,Lavandina Floral,7134
2026-06-28,LAV-BLA-03,Lavandina Ropa Blanca,5403
2026-06-29,LAV-CLA-01,Lavandina Clásica,15685
2026-06-29,LAV-FLO-02,Lavandina Floral,8612
2026-06-29,LAV-BLA-03,Lavandina Ropa Blanca,3418
2026-06-30,LAV-CLA-01,Lavandina Clásica,16655
2026-06-30,LAV-FLO-02,Lavandina Floral,6872
2026-07-01,LAV-FLO-02,Lavandina Floral,7353
2026-07-01,LAV-BLA-03,Lavandina Ropa Blanca,4791
2026-07-02,LAV-FLO-02,Lavandina Floral,7510
2026-07-03,LAV-BLA-03,Lavandina Ropa Blanca,4380
2026-07-03,LAV-CLA-01,Lavandina Clásica,12730
2026-07-03,LAV-FLO-02,Lavandina Floral,8087
2026-07-05,LAV-CLA-01,Lavandina Clásica,19033
2026-07-05,LAV-BLA-03,Lavandina Ropa Blanca,4022
2026-07-06,LAV-FLO-02,Lavandina Floral,10815
2026-07-07,LAV-CLA-01,Lavandina Clásica,15921
2026-07-07,LAV-FLO-02,Lavandina Floral,9451
2026-07-07,LAV-BLA-03,Lavandina Ropa Blanca,6417
2026-07-08,LAV-CLA-01,Lavandina Clásica,15658
2026-07-08,LAV-BLA-03,Lavandina Ropa Blanca,2168
2026-07-09,LAV-FLO-02,Lavandina Floral,8953
2026-07-10,LAV-BLA-03,Lavandina Ropa Blanca,5569
2026-07-10,LAV-CLA-01,Lavandina Clásica,13665
2026-07-10,LAV-FLO-02,Lavandina Floral,6846
2026-07-11,LAV-BLA-03,Lavandina Ropa Blanca,4756
2026-07-12,LAV-CLA-01,Lavandina Clásica,14024
2026-07-13,LAV-CLA-01,Lavandina Clásica,13280
2026-07-13,LAV-FLO-02,Lavandina Floral,9259
2026-07-13,LAV-BLA-03,Lavandina Ropa Blanca,3418
2026-07-14,LAV-FLO-02,Lavandina Floral,7737
2026-07-15,LAV-CLA-01,Lavandina Clásica,16419
2026-07-15,LAV-FLO-02,Lavandina Floral,8612
2026-07-15,LAV-BLA-03,Lavandina Ropa Blanca,3471
2026-07-16,LAV-CLA-01,Lavandina Clásica,16340
2026-07-16,LAV-FLO-02,Lavandina Floral,9783
2026-07-17,LAV-FLO-02,Lavandina Floral,10806
2026-07-17,LAV-BLA-03,Lavandina Ropa Blanca,6846
2026-07-17,LAV-CLA-01,Lavandina Clásica,16769
2026-07-19,LAV-BLA-03,Lavandina Ropa Blanca,5359
2026-07-19,LAV-FLO-02,Lavandina Floral,10159
2026-07-19,LAV-CLA-01,Lavandina Clásica,14688
2026-07-20,LAV-FLO-02,Lavandina Floral,7134
2026-07-20,LAV-BLA-03,Lavandina Ropa Blanca,4660
2026-07-21,LAV-BLA-03,Lavandina Ropa Blanca,2282
2026-07-22,LAV-CLA-01,Lavandina Clásica,17967
2026-07-22,LAV-FLO-02,Lavandina Floral,9608
2026-07-22,LAV-BLA-03,Lavandina Ropa Blanca,5665
2026-07-23,LAV-CLA-01,Lavandina Clásica,14295
2026-07-23,LAV-FLO-02,Lavandina Floral,7851
2026-07-24,LAV-CLA-01,Lavandina Clásica,18430
2026-07-24,LAV-FLO-02,Lavandina Floral,7772
2026-07-24,LAV-BLA-03,Lavandina Ropa Blanca,5762
2026-07-25,LAV-CLA-01,Lavandina Clásica,10920
2026-07-25,LAV-BLA-03,Lavandina Ropa Blanca,3724
2026-07-26,LAV-FLO-02,Lavandina Floral,6505
2026-07-27,LAV-BLA-03,Lavandina Ropa Blanca,4004
2026-07-28,LAV-CLA-01,Lavandina Clásica,10570
2026-07-28,LAV-FLO-02,Lavandina Floral,9232
2026-07-28,LAV-BLA-03,Lavandina Ropa Blanca,4232
2026-07-29,LAV-CLA-01,Lavandina Clásica,17066
2026-07-29,LAV-BLA-03,Lavandina Ropa Blanca,4782
2026-07-30,LAV-CLA-01,Lavandina Clásica,17748
2026-07-30,LAV-BLA-03,Lavandina Ropa Blanca,4975
2026-07-31,LAV-CLA-01,Lavandina Clásica,15143
2026-07-31,LAV-FLO-02,Lavandina Floral,7711
2026-08-01,LAV-BLA-03,Lavandina Ropa Blanca,4293
2026-08-03,LAV-CLA-01,Lavandina Clásica,16708
2026-08-03,LAV-FLO-02,Lavandina Floral,7370
2026-08-04,LAV-FLO-02,Lavandina Floral,7318
2026-08-04,LAV-CLA-01,Lavandina Clásica,12974
2026-08-05,LAV-BLA-03,Lavandina Ropa Blanca,6251
2026-08-06,LAV-CLA-01,Lavandina Clásica,16638
2026-08-06,LAV-BLA-03,Lavandina Ropa Blanca,5569
2026-08-07,LAV-BLA-03,Lavandina Ropa Blanca,5429
2026-08-08,LAV-FLO-02,Lavandina Floral,8035
2026-08-08,LAV-BLA-03,Lavandina Ropa Blanca,6461
2026-08-09,LAV-FLO-02,Lavandina Floral,7370
2026-08-09,LAV-BLA-03,Lavandina Ropa Blanca,6190
2026-08-10,LAV-CLA-01,Lavandina Clásica,13210
2026-08-10,LAV-FLO-02,Lavandina Floral,8813
2026-08-10,LAV-BLA-03,Lavandina Ropa Blanca,4747
2026-08-11,LAV-FLO-02,Lavandina Floral,9346
2026-08-11,LAV-BLA-03,Lavandina Ropa Blanca,3471
2026-08-12,LAV-CLA-01,Lavandina Clásica,17241
2026-08-13,LAV-CLA-01,Lavandina Clásica,22565
2026-08-14,LAV-CLA-01,Lavandina Clásica,13210
2026-08-14,LAV-FLO-02,Lavandina Floral,7021
2026-08-15,LAV-CLA-01,Lavandina Clásica,17468
2026-08-15,LAV-BLA-03,Lavandina Ropa Blanca,6225
2026-08-16,LAV-CLA-01,Lavandina Clásica,15239
2026-08-16,LAV-FLO-02,Lavandina Floral,8568
2026-08-16,LAV-BLA-03,Lavandina Ropa Blanca,7475
2026-08-17,LAV-CLA-01,Lavandina Clásica,19033
2026-08-17,LAV-FLO-02,Lavandina Floral,8306
2026-08-18,LAV-CLA-01,Lavandina Clásica,15475
2026-08-18,LAV-BLA-03,Lavandina Ropa Blanca,5884
2026-08-19,LAV-CLA-01,Lavandina Clásica,14251
2026-08-20,LAV-FLO-02,Lavandina Floral,4940
2026-08-21,LAV-FLO-02,Lavandina Floral,8760
2026-08-21,LAV-CLA-01,Lavandina Clásica,21936
2026-08-24,LAV-CLA-01,Lavandina Clásica,19374
2026-08-24,LAV-FLO-02,Lavandina Floral,8874
2026-08-25,LAV-CLA-01,Lavandina Clásica,18587
2026-08-25,LAV-BLA-03,Lavandina Ropa Blanca,4459
2026-08-26,LAV-CLA-01,Lavandina Clásica,13726
2026-08-26,LAV-BLA-03,Lavandina Ropa Blanca,6277
2026-08-27,LAV-CLA-01,Lavandina Clásica,17748
2026-08-27,LAV-FLO-02,Lavandina Floral,9984
2026-08-28,LAV-CLA-01,Lavandina Clásica,19969
2026-08-28,LAV-FLO-02,Lavandina Floral,8000
2026-08-29,LAV-FLO-02,Lavandina Floral,9329
2026-08-29,LAV-BLA-03,Lavandina Ropa Blanca,4712
2026-08-30,LAV-FLO-02,Lavandina Floral,8454
2026-08-30,LAV-CLA-01,Lavandina Clásica,16192
2026-08-31,LAV-CLA-01,Lavandina Clásica,18019
2026-08-31,LAV-BLA-03,Lavandina Ropa Blanca,5062
2026-09-01,LAV-FLO-02,Lavandina Floral,3864
2026-09-01,LAV-BLA-03,Lavandina Ropa Blanca,3270
2026-09-02,LAV-BLA-03,Lavandina Ropa Blanca,4835
2026-09-03,LAV-FLO-02,Lavandina Floral,4301
2026-09-04,LAV-CLA-01,Lavandina Clásica,7702
2026-09-04,LAV-FLO-02,Lavandina Floral,5657
2026-09-04,LAV-BLA-03,Lavandina Ropa Blanca,2850
2026-09-05,LAV-CLA-01,Lavandina Clásica,12896
2026-09-06,LAV-CLA-01,Lavandina Clásica,9031
2026-09-06,LAV-FLO-02,Lavandina Floral,5910
2026-09-07,LAV-CLA-01,Lavandina Clásica,14679
2026-09-07,LAV-BLA-03,Lavandina Ropa Blanca,3043
2026-09-09,LAV-FLO-02,Lavandina Floral,7431
2026-09-09,LAV-CLA-01,Lavandina Clásica,12957
2026-09-10,LAV-FLO-02,Lavandina Floral,6417
2026-09-11,LAV-FLO-02,Lavandina Floral,7335
2026-09-11,LAV-BLA-03,Lavandina Ropa Blanca,5595
2026-09-12,LAV-CLA-01,Lavandina Clásica,11077
2026-09-13,LAV-CLA-01,Lavandina Clásica,9897
2026-09-13,LAV-FLO-02,Lavandina Floral,6234
2026-09-14,LAV-FLO-02,Lavandina Floral,6522
2026-09-14,LAV-BLA-03,Lavandina Ropa Blanca,5141
2026-09-15,LAV-CLA-01,Lavandina Clásica,13377
2026-09-15,LAV-FLO-02,Lavandina Floral,5657
2026-09-15,LAV-BLA-03,Lavandina Ropa Blanca,4704
2026-09-16,LAV-FLO-02,Lavandina Floral,6216
2026-09-17,LAV-CLA-01,Lavandina Clásica,11313
2026-09-18,LAV-BLA-03,Lavandina Ropa Blanca,4406
2026-09-18,LAV-CLA-01,Lavandina Clásica,13123
2026-09-18,LAV-FLO-02,Lavandina Floral,5534
2026-09-19,LAV-BLA-03,Lavandina Ropa Blanca,3305
2026-09-20,LAV-CLA-01,Lavandina Clásica,10623
2026-09-20,LAV-FLO-02,Lavandina Floral,7222
2026-09-20,LAV-BLA-03,Lavandina Ropa Blanca,3296
2026-09-21,LAV-CLA-01,Lavandina Clásica,9495
2026-09-21,LAV-BLA-03,Lavandina Ropa Blanca,4485
2026-09-22,LAV-FLO-02,Lavandina Floral,5823
2026-09-22,LAV-BLA-03,Lavandina Ropa Blanca,4625
2026-09-23,LAV-CLA-01,Lavandina Clásica,12126
2026-09-25,LAV-FLO-02,Lavandina Floral,5700
2026-09-26,LAV-CLA-01,Lavandina Clásica,12966
2026-09-27,LAV-FLO-02,Lavandina Floral,5630
2026-09-27,LAV-BLA-03,Lavandina Ropa Blanca,4966
2026-09-28,LAV-CLA-01,Lavandina Clásica,14679
2026-09-28,LAV-FLO-02,Lavandina Floral,7292
2026-09-29,LAV-FLO-02,Lavandina Floral,6304
2026-09-29,LAV-BLA-03,Lavandina Ropa Blanca,4861
2026-09-30,LAV-FLO-02,Lavandina Floral,5228
2026-09-30,LAV-CLA-01,Lavandina Clásica,13298
2026-09-30,LAV-BLA-03,Lavandina Ropa Blanca,4686
